Timestamp,Equipment_ID,Equipment_Type,Mine_Location,Operating_Hours,Fuel_Consumed_Liters,Material_Moved_Tons
2026-07-08 09:37:08,EQ-MOIL-3091,Dozer,Dongri Buzurg Mine (Opencast),4.3,46.4,72.9
2026-07-08 13:37:08,EQ-MOIL-7989,Driller,Mansar Mine (Underground/Opencast),8.7,94.0,123.6
2026-07-08 17:37:08,EQ-MOIL-6437,Dozer,Mansar Mine (Underground/Opencast),4.1,48.9,62.7
2026-07-08 21:37:08,EQ-MOIL-9375,Excavator,Mansar Mine (Underground/Opencast),9.4,250.2,946.1
2026-07-09 01:37:08,EQ-MOIL-6443,Driller,Tirodi Mine (Opencast),11.4,132.2,203.5
2026-07-09 05:37:08,EQ-MOIL-3150,Dozer,Kandri Mine (Underground),10.7,104.6,128.2
2026-07-09 09:37:08,EQ-MOIL-9375,Excavator,Mansar Mine (Underground/Opencast),9.4,189.0,1098.9
2026-07-09 13:37:08,EQ-MOIL-3150,Dozer,Kandri Mine (Underground),6.9,70.1,78.7
2026-07-09 17:37:08,EQ-MOIL-6293,Dozer,Gumgaon Mine (Underground),10.6,101.5,150.0
2026-07-09 21:37:08,EQ-MOIL-7199,Dozer,Balaghat Mine (Underground/Opencast),7.5,75.9,107.2
2026-07-10 01:37:08,EQ-MOIL-1960,Excavator,Balaghat Mine (Underground/Opencast),10.1,259.7,1007.7
2026-07-10 05:37:08,EQ-MOIL-5183,Excavator,Mansar Mine (Underground/Opencast),4.4,88.4,451.1
2026-07-10 09:37:08,EQ-MOIL-1393,Driller,Chikla Mine (Underground),7.7,65.5,94.8
2026-07-10 13:37:08,EQ-MOIL-5706,Dozer,Chikla Mine (Underground),7.7,82.2,80.6
2026-07-10 17:37:08,EQ-MOIL-6858,Dozer,Dongri Buzurg Mine (Opencast),9.3,82.1,145.3
2026-07-10 21:37:08,EQ-MOIL-6443,Driller,Tirodi Mine (Opencast),11.8,138.3,214.0
2026-07-11 01:37:08,EQ-MOIL-5754,Loader,Dongri Buzurg Mine (Opencast),7.2,75.7,126.8
2026-07-11 05:37:08,EQ-MOIL-1560,Dumper,Dongri Buzurg Mine (Opencast),4.3,55.5,161.8
2026-07-11 09:37:08,EQ-MOIL-9975,Driller,Chikla Mine (Underground),11.3,100.0,116.0
2026-07-11 13:37:08,EQ-MOIL-3150,Dozer,Kandri Mine (Underground),9.4,82.6,141.6
2026-07-11 17:37:08,EQ-MOIL-6858,Dozer,Dongri Buzurg Mine (Opencast),7.2,84.0,100.6
2026-07-11 21:37:08,EQ-MOIL-5754,Loader,Dongri Buzurg Mine (Opencast),10.6,89.2,133.9
2026-07-12 01:37:08,EQ-MOIL-5183,Excavator,Mansar Mine (Underground/Opencast),9.3,224.4,1081.2
2026-07-12 05:37:08,EQ-MOIL-3150,Dozer,Kandri Mine (Underground),4.7,54.2,51.8
2026-07-12 09:37:08,EQ-MOIL-3452,Excavator,Gumgaon Mine (Underground),10.8,312.8,1017.2
2026-07-12 13:37:08,EQ-MOIL-6858,Dozer,Dongri Buzurg Mine (Opencast),6.0,59.1,93.3
2026-07-12 17:37:08,EQ-MOIL-5183,Excavator,Mansar Mine (Underground/Opencast),8.8,222.4,731.4
2026-07-12 21:37:08,EQ-MOIL-1560,Dumper,Dongri Buzurg Mine (Opencast),4.6,57.8,221.1
2026-07-13 01:37:08,EQ-MOIL-7989,Driller,Mansar Mine (Underground/Opencast),7.7,70.6,87.0
2026-07-13 05:37:08,EQ-MOIL-1830,Loader,Gumgaon Mine (Underground),4.4,42.2,46.4
2026-07-13 09:37:08,EQ-MOIL-3091,Dozer,Dongri Buzurg Mine (Opencast),7.8,73.4,115.5
2026-07-13 13:37:08,EQ-MOIL-9375,Excavator,Mansar Mine (Underground/Opencast),5.6,152.3,533.7
2026-07-13 17:37:08,EQ-MOIL-9375,Excavator,Mansar Mine (Underground/Opencast),11.0,233.7,918.0
2026-07-13 21:37:08,EQ-MOIL-6443,Driller,Tirodi Mine (Opencast),9.6,89.0,153.9
2026-07-14 01:37:08,EQ-MOIL-9004,Excavator,Tirodi Mine (Opencast),10.8,280.2,872.3
2026-07-14 05:37:08,EQ-MOIL-6293,Dozer,Gumgaon Mine (Underground),6.9,78.6,76.1
2026-07-14 09:37:08,EQ-MOIL-6858,Dozer,Dongri Buzurg Mine (Opencast),8.9,92.6,152.0
2026-07-14 13:37:08,EQ-MOIL-9004,Excavator,Tirodi Mine (Opencast),5.2,140.9,573.1
2026-07-14 17:37:08,EQ-MOIL-5706,Dozer,Chikla Mine (Underground),9.3,94.5,178.1
2026-07-14 21:37:08,EQ-MOIL-1393,Driller,Chikla Mine (Underground),4.0,38.5,74.8
2026-07-15 01:37:08,EQ-MOIL-6293,Dozer,Gumgaon Mine (Underground),5.5,64.3,83.8
2026-07-15 05:37:08,EQ-MOIL-3091,Dozer,Dongri Buzurg Mine (Opencast),10.0,109.5,181.9
2026-07-15 09:37:08,EQ-MOIL-9004,Excavator,Tirodi Mine (Opencast),10.9,227.5,1089.6
2026-07-15 13:37:08,EQ-MOIL-3150,Dozer,Kandri Mine (Underground),11.4,122.7,208.2
2026-07-15 17:37:08,EQ-MOIL-3091,Dozer,Dongri Buzurg Mine (Opencast),5.7,53.3,84.7
2026-07-15 21:37:08,EQ-MOIL-1960,Excavator,Balaghat Mine (Underground/Opencast),9.6,283.2,1063.0
2026-07-16 01:37:08,EQ-MOIL-7989,Driller,Mansar Mine (Underground/Opencast),5.5,65.5,98.8
2026-07-16 05:37:08,EQ-MOIL-6437,Dozer,Mansar Mine (Underground/Opencast),6.3,59.9,74.3
2026-07-16 09:37:08,EQ-MOIL-3150,Dozer,Kandri Mine (Underground),6.8,67.2,102.8
2026-07-16 13:37:08,EQ-MOIL-3091,Dozer,Dongri Buzurg Mine (Opencast),7.2,73.8,137.9
2026-07-16 17:37:08,EQ-MOIL-9375,Excavator,Mansar Mine (Underground/Opencast),10.1,286.3,1003.0
2026-07-16 21:37:08,EQ-MOIL-1830,Loader,Gumgaon Mine (Underground),7.3,82.8,119.9
2026-07-17 01:37:08,EQ-MOIL-1393,Driller,Chikla Mine (Underground),10.2,96.8,128.7
2026-07-17 05:37:08,EQ-MOIL-7199,Dozer,Balaghat Mine (Underground/Opencast),4.9,54.1,66.2
2026-07-17 09:37:08,EQ-MOIL-3452,Excavator,Gumgaon Mine (Underground),7.2,153.6,837.2
2026-07-17 13:37:08,EQ-MOIL-5183,Excavator,Mansar Mine (Underground/Opencast),7.7,169.9,660.0
2026-07-17 17:37:08,EQ-MOIL-3091,Dozer,Dongri Buzurg Mine (Opencast),4.6,42.2,58.2
2026-07-17 21:37:08,EQ-MOIL-6858,Dozer,Dongri Buzurg Mine (Opencast),9.7,116.4,169.0
2026-07-18 01:37:08,EQ-MOIL-9975,Driller,Chikla Mine (Underground),5.5,65.4,70.2
2026-07-18 05:37:08,EQ-MOIL-3091,Dozer,Dongri Buzurg Mine (Opencast),8.1,69.6,100.0
2026-07-18 09:37:08,EQ-MOIL-3150,Dozer,Kandri Mine (Underground),4.9,53.1,49.8
2026-07-18 13:37:08,EQ-MOIL-6215,Driller,Dongri Buzurg Mine (Opencast),11.6,100.7,176.9
2026-07-18 17:37:08,EQ-MOIL-3091,Dozer,Dongri Buzurg Mine (Opencast),11.4,98.2,154.4
2026-07-18 21:37:08,EQ-MOIL-7199,Dozer,Balaghat Mine (Underground/Opencast),10.6,121.8,193.0
2026-07-19 01:37:08,EQ-MOIL-5706,Dozer,Chikla Mine (Underground),7.8,87.0,100.0
2026-07-19 05:37:08,EQ-MOIL-6293,Dozer,Gumgaon Mine (Underground),5.7,58.3,92.4
2026-07-19 09:37:08,EQ-MOIL-3091,Dozer,Dongri Buzurg Mine (Opencast),7.9,80.1,132.8
2026-07-19 13:37:08,EQ-MOIL-1830,Loader,Gumgaon Mine (Underground),5.6,50.9,77.9
2026-07-19 17:37:08,EQ-MOIL-6858,Dozer,Dongri Buzurg Mine (Opencast),6.1,52.1,89.6
2026-07-19 21:37:08,EQ-MOIL-1560,Dumper,Dongri Buzurg Mine (Opencast),11.4,156.0,486.3
2026-07-20 01:37:08,EQ-MOIL-5754,Loader,Dongri Buzurg Mine (Opencast),6.5,71.2,115.5
2026-07-20 05:37:08,EQ-MOIL-1830,Loader,Gumgaon Mine (Underground),6.5,77.8,78.3
2026-07-20 09:37:08,EQ-MOIL-1960,Excavator,Balaghat Mine (Underground/Opencast),11.6,330.7,1353.7
2026-07-20 13:37:08,EQ-MOIL-6858,Dozer,Dongri Buzurg Mine (Opencast),9.1,88.3,177.6
2026-07-20 17:37:08,EQ-MOIL-5754,Loader,Dongri Buzurg Mine (Opencast),10.5,111.1,178.4
2026-07-20 21:37:08,EQ-MOIL-6443,Driller,Tirodi Mine (Opencast),6.6,57.4,73.1
2026-07-21 01:37:08,EQ-MOIL-5754,Loader,Dongri Buzurg Mine (Opencast),5.5,50.1,73.6
2026-07-21 05:37:08,EQ-MOIL-6443,Driller,Tirodi Mine (Opencast),7.2,74.0,128.0
2026-07-21 09:37:08,EQ-MOIL-1393,Driller,Chikla Mine (Underground),8.2,78.9,112.4
2026-07-21 13:37:08,EQ-MOIL-3150,Dozer,Kandri Mine (Underground),6.0,49.2,66.6
2026-07-21 17:37:08,EQ-MOIL-6858,Dozer,Dongri Buzurg Mine (Opencast),6.7,76.4,128.9
2026-07-21 21:37:08,EQ-MOIL-6858,Dozer,Dongri Buzurg Mine (Opencast),7.5,88.9,89.2
2026-07-22 01:37:08,EQ-MOIL-7989,Driller,Mansar Mine (Underground/Opencast),4.1,44.7,60.5
2026-07-22 05:37:08,EQ-MOIL-6215,Driller,Dongri Buzurg Mine (Opencast),7.7,78.2,131.2
2026-07-22 09:37:08,EQ-MOIL-1830,Loader,Gumgaon Mine (Underground),10.1,99.0,132.1
2026-07-22 13:37:08,EQ-MOIL-1393,Driller,Chikla Mine (Underground),5.8,56.9,79.3
2026-07-22 17:37:08,EQ-MOIL-6443,Driller,Tirodi Mine (Opencast),10.8,118.4,173.2
2026-07-22 21:37:08,EQ-MOIL-6443,Driller,Tirodi Mine (Opencast),7.5,80.9,77.8
2026-07-23 01:37:08,EQ-MOIL-1393,Driller,Chikla Mine (Underground),11.2,120.7,125.0
2026-07-23 05:37:08,EQ-MOIL-6293,Dozer,Gumgaon Mine (Underground),10.8,102.3,127.7
2026-07-23 09:37:08,EQ-MOIL-5754,Loader,Dongri Buzurg Mine (Opencast),8.3,70.6,142.3
2026-07-23 13:37:08,EQ-MOIL-3091,Dozer,Dongri Buzurg Mine (Opencast),4.4,46.8,56.5
2026-07-23 17:37:08,EQ-MOIL-3150,Dozer,Kandri Mine (Underground),9.5,108.7,180.8
2026-07-23 21:37:08,EQ-MOIL-1560,Dumper,Dongri Buzurg Mine (Opencast),4.8,58.3,202.6
2026-07-24 01:37:08,EQ-MOIL-9375,Excavator,Mansar Mine (Underground/Opencast),7.9,221.9,740.8
2026-07-24 05:37:08,EQ-MOIL-6293,Dozer,Gumgaon Mine (Underground),8.2,82.9,96.5
2026-07-24 09:37:08,EQ-MOIL-1960,Excavator,Balaghat Mine (Underground/Opencast),5.7,144.9,545.5
2026-07-24 13:37:08,EQ-MOIL-6858,Dozer,Dongri Buzurg Mine (Opencast),7.6,81.0,84.6
2026-07-24 17:37:08,EQ-MOIL-3452,Excavator,Gumgaon Mine (Underground),8.5,191.3,853.8
2026-07-24 21:37:08,EQ-MOIL-9004,Excavator,Tirodi Mine (Opencast),6.1,169.0,707.1
2026-07-25 01:37:08,EQ-MOIL-3150,Dozer,Kandri Mine (Underground),4.9,57.1,49.3
2026-07-25 05:37:08,EQ-MOIL-9004,Excavator,Tirodi Mine (Opencast),11.6,295.3,1297.4
2026-07-25 09:37:08,EQ-MOIL-6858,Dozer,Dongri Buzurg Mine (Opencast),10.9,94.3,161.2
2026-07-25 13:37:08,EQ-MOIL-1560,Dumper,Dongri Buzurg Mine (Opencast),8.3,90.5,310.1
2026-07-25 17:37:08,EQ-MOIL-6858,Dozer,Dongri Buzurg Mine (Opencast),8.4,80.6,92.2
2026-07-25 21:37:08,EQ-MOIL-1560,Dumper,Dongri Buzurg Mine (Opencast),8.6,120.5,277.8
2026-07-26 01:37:08,EQ-MOIL-1560,Dumper,Dongri Buzurg Mine (Opencast),11.7,148.0,429.3
2026-07-26 05:37:08,EQ-MOIL-9004,Excavator,Tirodi Mine (Opencast),7.1,198.5,786.8
2026-07-26 09:37:08,EQ-MOIL-6215,Driller,Dongri Buzurg Mine (Opencast),10.2,91.7,177.2
2026-07-26 13:37:08,EQ-MOIL-1960,Excavator,Balaghat Mine (Underground/Opencast),9.4,218.8,1109.3
2026-07-26 17:37:08,EQ-MOIL-9975,Driller,Chikla Mine (Underground),10.8,95.0,115.7
2026-07-26 21:37:08,EQ-MOIL-6215,Driller,Dongri Buzurg Mine (Opencast),10.2,112.6,193.4
2026-07-27 01:37:08,EQ-MOIL-9375,Excavator,Mansar Mine (Underground/Opencast),7.1,151.2,633.2
2026-07-27 05:37:08,EQ-MOIL-9004,Excavator,Tirodi Mine (Opencast),9.0,252.2,818.2
2026-07-27 09:37:08,EQ-MOIL-3091,Dozer,Dongri Buzurg Mine (Opencast),6.1,51.5,108.4
2026-07-27 13:37:08,EQ-MOIL-6858,Dozer,Dongri Buzurg Mine (Opencast),5.3,56.5,57.8
2026-07-27 17:37:08,EQ-MOIL-5754,Loader,Dongri Buzurg Mine (Opencast),6.3,64.1,106.2
2026-07-27 21:37:08,EQ-MOIL-3091,Dozer,Dongri Buzurg Mine (Opencast),5.4,63.9,108.0
2026-07-28 01:37:08,EQ-MOIL-1393,Driller,Chikla Mine (Underground),10.1,89.9,159.7
2026-07-28 05:37:08,EQ-MOIL-3452,Excavator,Gumgaon Mine (Underground),4.1,114.1,453.1
2026-07-28 09:37:08,EQ-MOIL-9375,Excavator,Mansar Mine (Underground/Opencast),5.2,112.4,579.9
2026-07-28 13:37:08,EQ-MOIL-3452,Excavator,Gumgaon Mine (Underground),11.8,329.6,1261.5
2026-07-28 17:37:08,EQ-MOIL-6215,Driller,Dongri Buzurg Mine (Opencast),10.6,113.4,203.8
2026-07-28 21:37:08,EQ-MOIL-6215,Driller,Dongri Buzurg Mine (Opencast),8.3,75.8,128.5
2026-07-29 01:37:08,EQ-MOIL-5183,Excavator,Mansar Mine (Underground/Opencast),11.7,235.3,1185.6
2026-07-29 05:37:08,EQ-MOIL-3452,Excavator,Gumgaon Mine (Underground),4.3,128.5,439.0
2026-07-29 09:37:08,EQ-MOIL-1960,Excavator,Balaghat Mine (Underground/Opencast),10.4,311.5,955.1
2026-07-29 13:37:08,EQ-MOIL-1560,Dumper,Dongri Buzurg Mine (Opencast),7.7,112.1,318.2
2026-07-29 17:37:08,EQ-MOIL-6293,Dozer,Gumgaon Mine (Underground),4.6,50.3,72.8
2026-07-29 21:37:08,EQ-MOIL-7199,Dozer,Balaghat Mine (Underground/Opencast),8.6,87.4,94.4
2026-07-30 01:37:08,EQ-MOIL-9375,Excavator,Mansar Mine (Underground/Opencast),10.2,296.3,1097.5
2026-07-30 05:37:08,EQ-MOIL-7989,Driller,Mansar Mine (Underground/Opencast),11.3,110.0,208.7
2026-07-30 09:37:08,EQ-MOIL-6858,Dozer,Dongri Buzurg Mine (Opencast),9.3,94.1,99.6
2026-07-30 13:37:08,EQ-MOIL-5706,Dozer,Chikla Mine (Underground),4.5,44.7,80.6
2026-07-30 17:37:08,EQ-MOIL-6437,Dozer,Mansar Mine (Underground/Opencast),7.8,85.6,107.4
2026-07-30 21:37:08,EQ-MOIL-3452,Excavator,Gumgaon Mine (Underground),7.3,194.9,792.0
2026-07-31 01:37:08,EQ-MOIL-5754,Loader,Dongri Buzurg Mine (Opencast),9.2,85.4,153.4
2026-07-31 05:37:08,EQ-MOIL-6858,Dozer,Dongri Buzurg Mine (Opencast),6.9,75.9,99.4
2026-07-31 09:37:08,EQ-MOIL-9375,Excavator,Mansar Mine (Underground/Opencast),6.9,158.1,691.8
2026-07-31 13:37:08,EQ-MOIL-3150,Dozer,Kandri Mine (Underground),11.1,115.8,127.0
2026-07-31 17:37:08,EQ-MOIL-6858,Dozer,Dongri Buzurg Mine (Opencast),7.2,66.2,111.8
2026-07-31 21:37:08,EQ-MOIL-1560,Dumper,Dongri Buzurg Mine (Opencast),9.8,133.7,488.6
2026-08-01 01:37:08,EQ-MOIL-6215,Driller,Dongri Buzurg Mine (Opencast),11.6,124.5,196.3
2026-08-01 05:37:08,EQ-MOIL-6443,Driller,Tirodi Mine (Opencast),6.3,73.6,89.9
2026-08-01 09:37:08,EQ-MOIL-3150,Dozer,Kandri Mine (Underground),9.6,86.6,114.5
2026-08-01 13:37:08,EQ-MOIL-5754,Loader,Dongri Buzurg Mine (Opencast),8.9,99.2,131.8
2026-08-01 17:37:08,EQ-MOIL-1560,Dumper,Dongri Buzurg Mine (Opencast),11.4,122.9,498.1
2026-08-01 21:37:08,EQ-MOIL-1393,Driller,Chikla Mine (Underground),11.9,102.7,159.7
2026-08-02 01:37:08,EQ-MOIL-9375,Excavator,Mansar Mine (Underground/Opencast),5.7,162.0,593.6
2026-08-02 05:37:08,EQ-MOIL-5754,Loader,Dongri Buzurg Mine (Opencast),11.6,105.1,206.1
2026-08-02 09:37:08,EQ-MOIL-9375,Excavator,Mansar Mine (Underground/Opencast),9.2,261.8,894.0
2026-08-02 13:37:08,EQ-MOIL-6293,Dozer,Gumgaon Mine (Underground),11.0,120.7,189.6
2026-08-02 17:37:08,EQ-MOIL-7199,Dozer,Balaghat Mine (Underground/Opencast),8.9,72.1,168.0
2026-08-02 21:37:08,EQ-MOIL-1393,Driller,Chikla Mine (Underground),4.1,39.3,59.2
2026-08-03 01:37:08,EQ-MOIL-1560,Dumper,Dongri Buzurg Mine (Opencast),5.6,62.3,232.7
2026-08-03 05:37:08,EQ-MOIL-5706,Dozer,Chikla Mine (Underground),7.0,58.5,112.9
2026-08-03 09:37:08,EQ-MOIL-5183,Excavator,Mansar Mine (Underground/Opencast),11.8,341.8,1190.6
2026-08-03 13:37:08,EQ-MOIL-9975,Driller,Chikla Mine (Underground),7.5,62.1,99.3
2026-08-03 17:37:08,EQ-MOIL-6437,Dozer,Mansar Mine (Underground/Opencast),8.9,89.2,159.1
2026-08-03 21:37:08,EQ-MOIL-6443,Driller,Tirodi Mine (Opencast),4.2,39.5,60.5
2026-08-04 01:37:08,EQ-MOIL-5183,Excavator,Mansar Mine (Underground/Opencast),8.4,242.8,805.8
2026-08-04 05:37:08,EQ-MOIL-6437,Dozer,Mansar Mine (Underground/Opencast),11.4,94.6,226.3
2026-08-04 09:37:08,EQ-MOIL-6443,Driller,Tirodi Mine (Opencast),4.6,42.4,56.5
2026-08-04 13:37:08,EQ-MOIL-6437,Dozer,Mansar Mine (Underground/Opencast),8.0,68.3,106.1
2026-08-04 17:37:08,EQ-MOIL-7989,Driller,Mansar Mine (Underground/Opencast),8.0,75.2,126.2
2026-08-04 21:37:08,EQ-MOIL-1830,Loader,Gumgaon Mine (Underground),6.2,64.0,118.2
2026-08-05 01:37:08,EQ-MOIL-1960,Excavator,Balaghat Mine (Underground/Opencast),4.9,129.4,521.2
2026-08-05 05:37:08,EQ-MOIL-3452,Excavator,Gumgaon Mine (Underground),5.9,132.3,505.4
2026-08-05 09:37:08,EQ-MOIL-3452,Excavator,Gumgaon Mine (Underground),10.7,292.2,922.7
2026-08-05 13:37:08,EQ-MOIL-3150,Dozer,Kandri Mine (Underground),4.2,48.2,51.6
2026-08-05 17:37:08,EQ-MOIL-9004,Excavator,Tirodi Mine (Opencast),11.2,306.1,1316.1
2026-08-05 21:37:08,EQ-MOIL-1830,Loader,Gumgaon Mine (Underground),11.4,119.1,187.6
2026-08-06 01:37:08,EQ-MOIL-6858,Dozer,Dongri Buzurg Mine (Opencast),8.5,85.1,98.1
2026-08-06 05:37:08,EQ-MOIL-6443,Driller,Tirodi Mine (Opencast),9.7,80.9,174.5
2026-08-06 09:37:08,EQ-MOIL-3091,Dozer,Dongri Buzurg Mine (Opencast),5.7,47.9,69.4
2026-08-06 13:37:08,EQ-MOIL-1393,Driller,Chikla Mine (Underground),5.0,55.6,69.0
2026-08-06 17:37:08,EQ-MOIL-5754,Loader,Dongri Buzurg Mine (Opencast),4.3,50.0,82.1
2026-08-06 21:37:08,EQ-MOIL-1560,Dumper,Dongri Buzurg Mine (Opencast),11.7,131.8,582.8
2026-08-07 01:37:08,EQ-MOIL-3091,Dozer,Dongri Buzurg Mine (Opencast),11.5,118.1,122.6
2026-08-07 05:37:08,EQ-MOIL-5754,Loader,Dongri Buzurg Mine (Opencast),4.3,37.2,62.7
2026-08-07 09:37:08,EQ-MOIL-6293,Dozer,Gumgaon Mine (Underground),4.4,51.2,70.5
2026-08-07 13:37:08,EQ-MOIL-3150,Dozer,Kandri Mine (Underground),9.4,112.6,138.2
2026-08-07 17:37:08,EQ-MOIL-7989,Driller,Mansar Mine (Underground/Opencast),8.7,100.9,92.0
2026-08-07 21:37:08,EQ-MOIL-9375,Excavator,Mansar Mine (Underground/Opencast),8.3,195.8,745.1
2026-08-08 01:37:08,EQ-MOIL-6437,Dozer,Mansar Mine (Underground/Opencast),9.1,90.0,174.8
2026-08-08 05:37:08,EQ-MOIL-9975,Driller,Chikla Mine (Underground),7.7,65.0,148.2
2026-08-08 09:37:08,EQ-MOIL-9375,Excavator,Mansar Mine (Underground/Opencast),8.1,214.1,945.8
2026-08-08 13:37:08,EQ-MOIL-6443,Driller,Tirodi Mine (Opencast),10.5,93.3,120.2
2026-08-08 17:37:08,EQ-MOIL-1830,Loader,Gumgaon Mine (Underground),6.6,62.7,100.5
2026-08-08 21:37:08,EQ-MOIL-5754,Loader,Dongri Buzurg Mine (Opencast),7.3,86.7,107.4
2026-08-09 01:37:08,EQ-MOIL-6443,Driller,Tirodi Mine (Opencast),7.7,91.3,83.2
2026-08-09 05:37:08,EQ-MOIL-1560,Dumper,Dongri Buzurg Mine (Opencast),5.3,70.7,172.8
2026-08-09 09:37:08,EQ-MOIL-6215,Driller,Dongri Buzurg Mine (Opencast),6.1,60.3,120.9
2026-08-09 13:37:08,EQ-MOIL-3091,Dozer,Dongri Buzurg Mine (Opencast),10.5,121.5,192.2
2026-08-09 17:37:08,EQ-MOIL-6437,Dozer,Mansar Mine (Underground/Opencast),11.2,131.5,159.6
2026-08-09 21:37:08,EQ-MOIL-7199,Dozer,Balaghat Mine (Underground/Opencast),5.4,49.7,81.0
2026-08-10 01:37:08,EQ-MOIL-6443,Driller,Tirodi Mine (Opencast),9.0,91.0,123.1
2026-08-10 05:37:08,EQ-MOIL-6215,Driller,Dongri Buzurg Mine (Opencast),4.3,41.2,73.9
2026-08-10 09:37:08,EQ-MOIL-1830,Loader,Gumgaon Mine (Underground),8.1,80.8,142.8
2026-08-10 13:37:08,EQ-MOIL-5706,Dozer,Chikla Mine (Underground),5.9,47.7,102.4
2026-08-10 17:37:08,EQ-MOIL-3091,Dozer,Dongri Buzurg Mine (Opencast),6.4,56.9,118.8
2026-08-10 21:37:08,EQ-MOIL-1960,Excavator,Balaghat Mine (Underground/Opencast),6.3,148.3,734.5
2026-08-11 01:37:08,EQ-MOIL-9004,Excavator,Tirodi Mine (Opencast),7.6,154.3,717.5
2026-08-11 05:37:08,EQ-MOIL-6443,Driller,Tirodi Mine (Opencast),8.1,68.6,154.9
2026-08-11 09:37:08,EQ-MOIL-6437,Dozer,Mansar Mine (Underground/Opencast),5.0,53.2,96.3
2026-08-11 13:37:08,EQ-MOIL-9975,Driller,Chikla Mine (Underground),9.8,93.9,131.5
2026-08-11 17:37:08,EQ-MOIL-5183,Excavator,Mansar Mine (Underground/Opencast),5.5,116.2,456.7
2026-08-11 21:37:08,EQ-MOIL-9975,Driller,Chikla Mine (Underground),8.8,71.1,122.9
2026-08-12 01:37:08,EQ-MOIL-9004,Excavator,Tirodi Mine (Opencast),8.2,171.4,956.5
2026-08-12 05:37:08,EQ-MOIL-1960,Excavator,Balaghat Mine (Underground/Opencast),8.6,257.4,688.7
2026-08-12 09:37:08,EQ-MOIL-1393,Driller,Chikla Mine (Underground),6.4,65.9,89.6
2026-08-12 13:37:08,EQ-MOIL-7199,Dozer,Balaghat Mine (Underground/Opencast),7.4,61.5,127.4
2026-08-12 17:37:08,EQ-MOIL-1560,Dumper,Dongri Buzurg Mine (Opencast),7.0,71.1,249.8
2026-08-12 21:37:08,EQ-MOIL-3150,Dozer,Kandri Mine (Underground),11.4,116.7,158.5
2026-08-13 01:37:08,EQ-MOIL-3150,Dozer,Kandri Mine (Underground),8.3,96.7,137.7
2026-08-13 05:37:08,EQ-MOIL-6858,Dozer,Dongri Buzurg Mine (Opencast),8.9,103.4,152.6
2026-08-13 09:37:08,EQ-MOIL-5754,Loader,Dongri Buzurg Mine (Opencast),8.6,90.1,96.8
2026-08-13 13:37:08,EQ-MOIL-6858,Dozer,Dongri Buzurg Mine (Opencast),7.1,83.6,132.5
2026-08-13 17:37:08,EQ-MOIL-6443,Driller,Tirodi Mine (Opencast),11.1,101.0,199.4
2026-08-13 21:37:08,EQ-MOIL-1830,Loader,Gumgaon Mine (Underground),11.7,99.2,120.8
2026-08-14 01:37:08,EQ-MOIL-1830,Loader,Gumgaon Mine (Underground),8.5,72.9,139.0
2026-08-14 05:37:08,EQ-MOIL-6293,Dozer,Gumgaon Mine (Underground),5.7,48.7,100.1
2026-08-14 09:37:08,EQ-MOIL-9375,Excavator,Mansar Mine (Underground/Opencast),7.5,197.4,779.2
2026-08-14 13:37:08,EQ-MOIL-7989,Driller,Mansar Mine (Underground/Opencast),4.3,43.0,58.2
2026-08-14 17:37:08,EQ-MOIL-9975,Driller,Chikla Mine (Underground),6.7,71.3,128.7
2026-08-14 21:37:08,EQ-MOIL-5706,Dozer,Chikla Mine (Underground),7.9,70.8,91.8
2026-08-15 01:37:08,EQ-MOIL-5183,Excavator,Mansar Mine (Underground/Opencast),4.1,118.9,400.7
2026-08-15 05:37:08,EQ-MOIL-1960,Excavator,Balaghat Mine (Underground/Opencast),6.4,128.1,578.2
2026-08-15 09:37:08,EQ-MOIL-5754,Loader,Dongri Buzurg Mine (Opencast),4.5,49.6,77.2
2026-08-15 13:37:08,EQ-MOIL-1960,Excavator,Balaghat Mine (Underground/Opencast),10.3,247.1,1041.7
2026-08-15 17:37:08,EQ-MOIL-9004,Excavator,Tirodi Mine (Opencast),6.5,158.2,534.7
2026-08-15 21:37:08,EQ-MOIL-1830,Loader,Gumgaon Mine (Underground),7.5,71.9,97.7
2026-08-16 01:37:08,EQ-MOIL-9975,Driller,Chikla Mine (Underground),10.4,121.5,137.7
2026-08-16 05:37:08,EQ-MOIL-1830,Loader,Gumgaon Mine (Underground),4.1,43.4,52.2
2026-08-16 09:37:08,EQ-MOIL-3452,Excavator,Gumgaon Mine (Underground),7.1,146.6,819.3
2026-08-16 13:37:08,EQ-MOIL-7199,Dozer,Balaghat Mine (Underground/Opencast),4.8,45.7,59.9
2026-08-16 17:37:08,EQ-MOIL-1393,Driller,Chikla Mine (Underground),7.4,72.7,120.6
2026-08-16 21:37:08,EQ-MOIL-9975,Driller,Chikla Mine (Underground),6.5,73.6,68.7
2026-08-17 01:37:08,EQ-MOIL-6437,Dozer,Mansar Mine (Underground/Opencast),11.6,96.8,119.7
2026-08-17 05:37:08,EQ-MOIL-1393,Driller,Chikla Mine (Underground),5.3,48.4,57.5
2026-08-17 09:37:08,EQ-MOIL-5706,Dozer,Chikla Mine (Underground),10.6,103.4,204.5
2026-08-17 13:37:08,EQ-MOIL-3150,Dozer,Kandri Mine (Underground),8.8,85.2,96.2
2026-08-17 17:37:08,EQ-MOIL-6215,Driller,Dongri Buzurg Mine (Opencast),6.4,59.8,92.2
2026-08-17 21:37:08,EQ-MOIL-3091,Dozer,Dongri Buzurg Mine (Opencast),9.5,79.6,153.7
2026-08-18 01:37:08,EQ-MOIL-3150,Dozer,Kandri Mine (Underground),4.1,45.4,81.8
2026-08-18 05:37:08,EQ-MOIL-5706,Dozer,Chikla Mine (Underground),4.7,43.6,69.6
2026-08-18 09:37:08,EQ-MOIL-1960,Excavator,Balaghat Mine (Underground/Opencast),4.3,102.0,465.2
2026-08-18 13:37:08,EQ-MOIL-7989,Driller,Mansar Mine (Underground/Opencast),8.9,87.9,132.3
2026-08-18 17:37:08,EQ-MOIL-7989,Driller,Mansar Mine (Underground/Opencast),4.7,56.2,62.4
2026-08-18 21:37:08,EQ-MOIL-9375,Excavator,Mansar Mine (Underground/Opencast),11.6,258.4,1323.1
2026-08-19 01:37:08,EQ-MOIL-3452,Excavator,Gumgaon Mine (Underground),10.0,289.8,1060.0
2026-08-19 05:37:08,EQ-MOIL-7199,Dozer,Balaghat Mine (Underground/Opencast),4.6,44.9,51.7
2026-08-19 09:37:08,EQ-MOIL-1960,Excavator,Balaghat Mine (Underground/Opencast),5.9,173.7,657.7
2026-08-19 13:37:08,EQ-MOIL-1560,Dumper,Dongri Buzurg Mine (Opencast),7.6,113.1,318.9
2026-08-19 17:37:08,EQ-MOIL-5754,Loader,Dongri Buzurg Mine (Opencast),8.9,95.0,94.4
2026-08-19 21:37:08,EQ-MOIL-6858,Dozer,Dongri Buzurg Mine (Opencast),6.8,61.2,69.0
2026-08-20 01:37:08,EQ-MOIL-5754,Loader,Dongri Buzurg Mine (Opencast),10.4,97.3,145.0
2026-08-20 05:37:08,EQ-MOIL-6858,Dozer,Dongri Buzurg Mine (Opencast),5.0,56.9,58.2
2026-08-20 09:37:08,EQ-MOIL-1960,Excavator,Balaghat Mine (Underground/Opencast),6.0,178.5,683.2
2026-08-20 13:37:08,EQ-MOIL-6437,Dozer,Mansar Mine (Underground/Opencast),8.5,100.0,152.9
2026-08-20 17:37:08,EQ-MOIL-1393,Driller,Chikla Mine (Underground),11.5,96.6,221.1
2026-08-20 21:37:08,EQ-MOIL-9975,Driller,Chikla Mine (Underground),9.8,100.5,136.1
2026-08-21 01:37:08,EQ-MOIL-6858,Dozer,Dongri Buzurg Mine (Opencast),9.8,96.5,161.2
2026-08-21 05:37:08,EQ-MOIL-1960,Excavator,Balaghat Mine (Underground/Opencast),8.0,169.5,843.5
2026-08-21 09:37:08,EQ-MOIL-6437,Dozer,Mansar Mine (Underground/Opencast),9.8,82.7,154.7
2026-08-21 13:37:08,EQ-MOIL-6858,Dozer,Dongri Buzurg Mine (Opencast),10.2,102.9,104.4
2026-08-21 17:37:08,EQ-MOIL-3150,Dozer,Kandri Mine (Underground),8.8,99.1,123.1
2026-08-21 21:37:08,EQ-MOIL-5706,Dozer,Chikla Mine (Underground),11.9,119.9,215.8
2026-08-22 01:37:08,EQ-MOIL-5706,Dozer,Chikla Mine (Underground),11.8,117.8,208.9
2026-08-22 05:37:08,EQ-MOIL-5706,Dozer,Chikla Mine (Underground),7.2,63.3,129.9
2026-08-22 09:37:08,EQ-MOIL-5754,Loader,Dongri Buzurg Mine (Opencast),10.7,110.7,193.3
2026-08-22 13:37:08,EQ-MOIL-9004,Excavator,Tirodi Mine (Opencast),8.0,218.9,652.9
2026-08-22 17:37:08,EQ-MOIL-1960,Excavator,Balaghat Mine (Underground/Opencast),11.7,267.0,1281.9
2026-08-22 21:37:08,EQ-MOIL-9975,Driller,Chikla Mine (Underground),8.6,100.1,165.4
2026-08-23 01:37:08,EQ-MOIL-1960,Excavator,Balaghat Mine (Underground/Opencast),10.8,286.1,907.4
2026-08-23 05:37:08,EQ-MOIL-1393,Driller,Chikla Mine (Underground),11.5,115.0,120.7
2026-08-23 09:37:08,EQ-MOIL-1560,Dumper,Dongri Buzurg Mine (Opencast),10.8,137.1,330.4
2026-08-23 13:37:08,EQ-MOIL-6215,Driller,Dongri Buzurg Mine (Opencast),10.2,110.6,131.2
2026-08-23 17:37:08,EQ-MOIL-3150,Dozer,Kandri Mine (Underground),8.7,85.9,116.4
2026-08-23 21:37:08,EQ-MOIL-1393,Driller,Chikla Mine (Underground),11.2,101.5,164.2
2026-08-24 01:37:08,EQ-MOIL-9975,Driller,Chikla Mine (Underground),4.5,41.6,57.1
2026-08-24 05:37:08,EQ-MOIL-1393,Driller,Chikla Mine (Underground),7.6,81.7,97.8
2026-08-24 09:37:08,EQ-MOIL-9375,Excavator,Mansar Mine (Underground/Opencast),10.6,255.3,968.3
2026-08-24 13:37:08,EQ-MOIL-1960,Excavator,Balaghat Mine (Underground/Opencast),10.7,312.4,1260.4
2026-08-24 17:37:08,EQ-MOIL-6293,Dozer,Gumgaon Mine (Underground),10.6,99.2,185.3
2026-08-24 21:37:08,EQ-MOIL-5183,Excavator,Mansar Mine (Underground/Opencast),11.4,288.7,933.7
2026-08-25 01:37:08,EQ-MOIL-5183,Excavator,Mansar Mine (Underground/Opencast),11.5,257.2,1214.2
2026-08-25 05:37:08,EQ-MOIL-3091,Dozer,Dongri Buzurg Mine (Opencast),9.5,79.2,105.4
2026-08-25 09:37:08,EQ-MOIL-5754,Loader,Dongri Buzurg Mine (Opencast),7.4,67.0,107.4
2026-08-25 13:37:08,EQ-MOIL-5706,Dozer,Chikla Mine (Underground),7.9,67.1,151.2
2026-08-25 17:37:08,EQ-MOIL-1393,Driller,Chikla Mine (Underground),10.1,96.2,165.8
2026-08-25 21:37:08,EQ-MOIL-6443,Driller,Tirodi Mine (Opencast),10.2,117.8,121.6
2026-08-26 01:37:08,EQ-MOIL-1830,Loader,Gumgaon Mine (Underground),6.8,60.1,119.2
2026-08-26 05:37:08,EQ-MOIL-3150,Dozer,Kandri Mine (Underground),5.3,45.0,72.5
2026-08-26 09:37:08,EQ-MOIL-9375,Excavator,Mansar Mine (Underground/Opencast),9.6,220.9,1086.3
2026-08-26 13:37:08,EQ-MOIL-5706,Dozer,Chikla Mine (Underground),7.2,69.4,82.4
2026-08-26 17:37:08,EQ-MOIL-5754,Loader,Dongri Buzurg Mine (Opencast),8.7,75.4,106.2
2026-08-26 21:37:08,EQ-MOIL-6437,Dozer,Mansar Mine (Underground/Opencast),4.5,53.4,69.7
2026-08-27 01:37:08,EQ-MOIL-6293,Dozer,Gumgaon Mine (Underground),4.7,48.0,77.5
2026-08-27 05:37:08,EQ-MOIL-3452,Excavator,Gumgaon Mine (Underground),4.8,142.5,406.7
2026-08-27 09:37:08,EQ-MOIL-5706,Dozer,Chikla Mine (Underground),4.2,41.0,81.5
2026-08-27 13:37:08,EQ-MOIL-5706,Dozer,Chikla Mine (Underground),5.9,54.8,102.8
2026-08-27 17:37:08,EQ-MOIL-1960,Excavator,Balaghat Mine (Underground/Opencast),10.2,274.7,822.4
2026-08-27 21:37:08,EQ-MOIL-1960,Excavator,Balaghat Mine (Underground/Opencast),10.9,259.9,1144.9
2026-08-28 01:37:08,EQ-MOIL-6443,Driller,Tirodi Mine (Opencast),6.5,67.2,114.4
2026-08-28 05:37:08,EQ-MOIL-1393,Driller,Chikla Mine (Underground),4.4,48.9,51.0
2026-08-28 09:37:08,EQ-MOIL-6858,Dozer,Dongri Buzurg Mine (Opencast),11.8,97.8,205.1
2026-08-28 13:37:08,EQ-MOIL-6215,Driller,Dongri Buzurg Mine (Opencast),10.1,114.2,182.9
2026-08-28 17:37:08,EQ-MOIL-1830,Loader,Gumgaon Mine (Underground),6.2,65.1,82.1
2026-08-28 21:37:08,EQ-MOIL-5706,Dozer,Chikla Mine (Underground),9.9,104.6,168.6
2026-08-29 01:37:08,EQ-MOIL-5754,Loader,Dongri Buzurg Mine (Opencast),4.5,41.5,61.6
2026-08-29 05:37:08,EQ-MOIL-6443,Driller,Tirodi Mine (Opencast),8.1,90.6,147.4
2026-08-29 09:37:08,EQ-MOIL-1560,Dumper,Dongri Buzurg Mine (Opencast),4.5,46.8,137.8
2026-08-29 13:37:08,EQ-MOIL-1960,Excavator,Balaghat Mine (Underground/Opencast),7.1,149.7,792.3
2026-08-29 17:37:08,EQ-MOIL-7989,Driller,Mansar Mine (Underground/Opencast),5.4,64.0,84.6
2026-08-29 21:37:08,EQ-MOIL-5706,Dozer,Chikla Mine (Underground),11.3,97.0,206.4
2026-08-30 01:37:08,EQ-MOIL-7989,Driller,Mansar Mine (Underground/Opencast),5.7,46.4,72.2
2026-08-30 05:37:08,EQ-MOIL-1393,Driller,Chikla Mine (Underground),8.5,87.2,163.9
2026-08-30 09:37:08,EQ-MOIL-3452,Excavator,Gumgaon Mine (Underground),11.3,271.0,1038.6
2026-08-30 13:37:08,EQ-MOIL-6443,Driller,Tirodi Mine (Opencast),11.9,139.7,205.3
2026-08-30 17:37:08,EQ-MOIL-5754,Loader,Dongri Buzurg Mine (Opencast),4.5,45.9,73.1
2026-08-30 21:37:08,EQ-MOIL-6443,Driller,Tirodi Mine (Opencast),7.8,89.9,121.2
2026-08-31 01:37:08,EQ-MOIL-6437,Dozer,Mansar Mine (Underground/Opencast),6.4,57.1,99.7
2026-08-31 05:37:08,EQ-MOIL-7199,Dozer,Balaghat Mine (Underground/Opencast),6.7,60.0,111.3
2026-08-31 09:37:08,EQ-MOIL-1393,Driller,Chikla Mine (Underground),5.5,53.4,107.3
2026-08-31 13:37:08,EQ-MOIL-9004,Excavator,Tirodi Mine (Opencast),11.1,251.1,1263.7
2026-08-31 17:37:08,EQ-MOIL-1960,Excavator,Balaghat Mine (Underground/Opencast),5.4,153.8,503.7
2026-08-31 21:37:08,EQ-MOIL-5754,Loader,Dongri Buzurg Mine (Opencast),10.8,104.1,172.8
2026-09-01 01:37:08,EQ-MOIL-1560,Dumper,Dongri Buzurg Mine (Opencast),5.2,56.7,182.1
2026-09-01 05:37:08,EQ-MOIL-9975,Driller,Chikla Mine (Underground),7.5,68.6,109.4
2026-09-01 09:37:08,EQ-MOIL-1830,Loader,Gumgaon Mine (Underground),8.2,75.5,161.3
2026-09-01 13:37:08,EQ-MOIL-3091,Dozer,Dongri Buzurg Mine (Opencast),5.9,55.8,98.3
2026-09-01 17:37:08,EQ-MOIL-1830,Loader,Gumgaon Mine (Underground),9.3,103.1,107.4
2026-09-01 21:37:08,EQ-MOIL-1830,Loader,Gumgaon Mine (Underground),8.9,80.8,105.7
2026-09-02 01:37:08,EQ-MOIL-1830,Loader,Gumgaon Mine (Underground),10.5,119.3,130.4
2026-09-02 05:37:08,EQ-MOIL-1830,Loader,Gumgaon Mine (Underground),10.0,119.7,152.3
2026-09-02 09:37:08,EQ-MOIL-6858,Dozer,Dongri Buzurg Mine (Opencast),6.0,63.3,87.0
2026-09-02 13:37:08,EQ-MOIL-6293,Dozer,Gumgaon Mine (Underground),6.0,58.1,65.7
2026-09-02 17:37:08,EQ-MOIL-6215,Driller,Dongri Buzurg Mine (Opencast),6.2,70.3,103.5
2026-09-02 21:37:08,EQ-MOIL-5754,Loader,Dongri Buzurg Mine (Opencast),6.0,67.8,115.7
2026-09-03 01:37:08,EQ-MOIL-7989,Driller,Mansar Mine (Underground/Opencast),7.4,79.4,83.9
2026-09-03 05:37:08,EQ-MOIL-6858,Dozer,Dongri Buzurg Mine (Opencast),8.7,99.1,173.3
2026-09-03 09:37:08,EQ-MOIL-1560,Dumper,Dongri Buzurg Mine (Opencast),6.0,67.3,186.9
2026-09-03 13:37:08,EQ-MOIL-3452,Excavator,Gumgaon Mine (Underground),7.9,229.2,692.5
2026-09-03 17:37:08,EQ-MOIL-3091,Dozer,Dongri Buzurg Mine (Opencast),8.2,69.1,105.6
2026-09-03 21:37:08,EQ-MOIL-7989,Driller,Mansar Mine (Underground/Opencast),7.4,62.3,105.6
2026-09-04 01:37:08,EQ-MOIL-9375,Excavator,Mansar Mine (Underground/Opencast),5.1,123.1,500.8
2026-09-04 05:37:08,EQ-MOIL-3452,Excavator,Gumgaon Mine (Underground),10.5,276.9,1007.0
2026-09-04 09:37:08,EQ-MOIL-5183,Excavator,Mansar Mine (Underground/Opencast),7.9,164.0,946.7
2026-09-04 13:37:08,EQ-MOIL-3150,Dozer,Kandri Mine (Underground),8.2,77.7,95.5
2026-09-04 17:37:08,EQ-MOIL-9375,Excavator,Mansar Mine (Underground/Opencast),5.1,114.0,488.9
2026-09-04 21:37:08,EQ-MOIL-3091,Dozer,Dongri Buzurg Mine (Opencast),10.1,92.0,200.3
2026-09-05 01:37:08,EQ-MOIL-6858,Dozer,Dongri Buzurg Mine (Opencast),5.0,44.3,57.9
2026-09-05 05:37:08,EQ-MOIL-5183,Excavator,Mansar Mine (Underground/Opencast),4.4,119.4,417.5
2026-09-05 09:37:08,EQ-MOIL-9004,Excavator,Tirodi Mine (Opencast),11.3,280.8,956.4
2026-09-05 13:37:08,EQ-MOIL-9975,Driller,Chikla Mine (Underground),8.4,95.1,165.2
2026-09-05 17:37:08,EQ-MOIL-6443,Driller,Tirodi Mine (Opencast),11.8,110.7,160.0
2026-09-05 21:37:08,EQ-MOIL-3452,Excavator,Gumgaon Mine (Underground),9.7,253.4,1122.5
2026-09-06 01:37:08,EQ-MOIL-3150,Dozer,Kandri Mine (Underground),10.1,120.4,161.7
2026-09-06 05:37:08,EQ-MOIL-9975,Driller,Chikla Mine (Underground),9.3,93.8,111.5
2026-09-06 09:37:08,EQ-MOIL-9004,Excavator,Tirodi Mine (Opencast),6.5,191.1,631.9
2026-09-06 13:37:08,EQ-MOIL-1960,Excavator,Balaghat Mine (Underground/Opencast),10.8,282.9,1060.2
2026-09-06 17:37:08,EQ-MOIL-1560,Dumper,Dongri Buzurg Mine (Opencast),9.8,107.9,346.4
2026-09-06 21:37:08,EQ-MOIL-1560,Dumper,Dongri Buzurg Mine (Opencast),9.4,108.4,313.5
2026-09-07 01:37:08,EQ-MOIL-6437,Dozer,Mansar Mine (Underground/Opencast),10.5,84.2,171.1
2026-09-07 05:37:08,EQ-MOIL-1560,Dumper,Dongri Buzurg Mine (Opencast),9.3,124.5,349.6
2026-09-07 09:37:08,EQ-MOIL-6215,Driller,Dongri Buzurg Mine (Opencast),11.3,129.3,152.0
2026-09-07 13:37:08,EQ-MOIL-6437,Dozer,Mansar Mine (Underground/Opencast),8.2,80.1,153.3
2026-09-07 17:37:08,EQ-MOIL-7199,Dozer,Balaghat Mine (Underground/Opencast),5.7,61.4,77.7
2026-09-07 21:37:08,EQ-MOIL-1960,Excavator,Balaghat Mine (Underground/Opencast),9.8,233.9,810.7
2026-09-08 01:37:08,EQ-MOIL-5754,Loader,Dongri Buzurg Mine (Opencast),6.4,55.5,107.3
2026-09-08 05:37:08,EQ-MOIL-1560,Dumper,Dongri Buzurg Mine (Opencast),6.8,94.5,257.2
2026-09-08 09:37:08,EQ-MOIL-6443,Driller,Tirodi Mine (Opencast),5.1,45.5,95.3
2026-09-08 13:37:08,EQ-MOIL-6215,Driller,Dongri Buzurg Mine (Opencast),5.2,46.5,57.1
2026-09-08 17:37:08,EQ-MOIL-1960,Excavator,Balaghat Mine (Underground/Opencast),6.7,157.0,733.7
2026-09-08 21:37:08,EQ-MOIL-9375,Excavator,Mansar Mine (Underground/Opencast),10.6,213.6,918.4
2026-09-09 01:37:08,EQ-MOIL-6293,Dozer,Gumgaon Mine (Underground),8.0,91.7,114.4
2026-09-09 05:37:08,EQ-MOIL-1560,Dumper,Dongri Buzurg Mine (Opencast),4.7,58.6,178.4
2026-09-09 09:37:08,EQ-MOIL-6215,Driller,Dongri Buzurg Mine (Opencast),4.1,34.7,45.4
2026-09-09 13:37:08,EQ-MOIL-5754,Loader,Dongri Buzurg Mine (Opencast),8.7,91.2,169.8
2026-09-09 17:37:08,EQ-MOIL-6293,Dozer,Gumgaon Mine (Underground),4.9,48.4,91.7
2026-09-09 21:37:08,EQ-MOIL-6215,Driller,Dongri Buzurg Mine (Opencast),6.8,73.7,128.2
2026-09-10 01:37:08,EQ-MOIL-5183,Excavator,Mansar Mine (Underground/Opencast),10.2,251.5,858.1
2026-09-10 05:37:08,EQ-MOIL-7989,Driller,Mansar Mine (Underground/Opencast),4.8,47.5,49.3
2026-09-10 09:37:08,EQ-MOIL-1393,Driller,Chikla Mine (Underground),8.5,92.2,151.7
2026-09-10 13:37:08,EQ-MOIL-5183,Excavator,Mansar Mine (Underground/Opencast),9.2,224.2,1023.9
2026-09-10 17:37:08,EQ-MOIL-1830,Loader,Gumgaon Mine (Underground),8.4,99.7,149.2
2026-09-10 21:37:08,EQ-MOIL-9004,Excavator,Tirodi Mine (Opencast),10.0,251.9,907.9
2026-09-11 01:37:08,EQ-MOIL-6293,Dozer,Gumgaon Mine (Underground),11.9,139.9,218.8
2026-09-11 05:37:08,EQ-MOIL-1960,Excavator,Balaghat Mine (Underground/Opencast),6.0,167.7,584.0
2026-09-11 09:37:08,EQ-MOIL-6215,Driller,Dongri Buzurg Mine (Opencast),4.1,41.5,81.0
2026-09-11 13:37:08,EQ-MOIL-1393,Driller,Chikla Mine (Underground),4.4,42.5,45.4
2026-09-11 17:37:08,EQ-MOIL-6293,Dozer,Gumgaon Mine (Underground),10.0,116.8,185.6
2026-09-11 21:37:08,EQ-MOIL-1393,Driller,Chikla Mine (Underground),10.4,88.2,170.5
2026-09-12 01:37:08,EQ-MOIL-3150,Dozer,Kandri Mine (Underground),10.0,83.6,139.9
2026-09-12 05:37:08,EQ-MOIL-7989,Driller,Mansar Mine (Underground/Opencast),4.2,48.9,51.7
2026-09-12 09:37:08,EQ-MOIL-7199,Dozer,Balaghat Mine (Underground/Opencast),8.2,85.2,107.2
2026-09-12 13:37:08,EQ-MOIL-5183,Excavator,Mansar Mine (Underground/Opencast),6.3,150.0,697.9
2026-09-12 17:37:08,EQ-MOIL-5706,Dozer,Chikla Mine (Underground),4.5,51.0,59.9
2026-09-12 21:37:08,EQ-MOIL-7989,Driller,Mansar Mine (Underground/Opencast),11.6,122.6,179.1
2026-09-13 01:37:08,EQ-MOIL-1830,Loader,Gumgaon Mine (Underground),4.6,39.3,70.5
2026-09-13 05:37:08,EQ-MOIL-9004,Excavator,Tirodi Mine (Opencast),5.7,153.3,463.6
2026-09-13 09:37:08,EQ-MOIL-6437,Dozer,Mansar Mine (Underground/Opencast),5.0,57.5,61.6
2026-09-13 13:37:08,EQ-MOIL-6443,Driller,Tirodi Mine (Opencast),10.2,118.6,194.1
2026-09-13 17:37:08,EQ-MOIL-3091,Dozer,Dongri Buzurg Mine (Opencast),12.0,98.3,176.5
2026-09-13 21:37:08,EQ-MOIL-9975,Driller,Chikla Mine (Underground),7.1,78.1,116.4
2026-09-14 01:37:08,EQ-MOIL-6443,Driller,Tirodi Mine (Opencast),9.9,98.2,178.7
2026-09-14 05:37:08,EQ-MOIL-3150,Dozer,Kandri Mine (Underground),11.5,99.7,150.9
2026-09-14 09:37:08,EQ-MOIL-1960,Excavator,Balaghat Mine (Underground/Opencast),9.2,244.8,958.0
2026-09-14 13:37:08,EQ-MOIL-6858,Dozer,Dongri Buzurg Mine (Opencast),8.6,79.5,115.7
2026-09-14 17:37:08,EQ-MOIL-7199,Dozer,Balaghat Mine (Underground/Opencast),5.2,57.7,66.6
2026-09-14 21:37:08,EQ-MOIL-3452,Excavator,Gumgaon Mine (Underground),4.4,90.3,439.1
2026-09-15 01:37:08,EQ-MOIL-3091,Dozer,Dongri Buzurg Mine (Opencast),7.8,91.1,106.2
2026-09-15 05:37:08,EQ-MOIL-7989,Driller,Mansar Mine (Underground/Opencast),6.8,64.8,124.9
2026-09-15 09:37:08,EQ-MOIL-1560,Dumper,Dongri Buzurg Mine (Opencast),10.2,106.1,501.7
2026-09-15 13:37:08,EQ-MOIL-5754,Loader,Dongri Buzurg Mine (Opencast),10.1,110.8,104.8
2026-09-15 17:37:08,EQ-MOIL-6215,Driller,Dongri Buzurg Mine (Opencast),5.5,46.5,70.0
2026-09-15 21:37:08,EQ-MOIL-5706,Dozer,Chikla Mine (Underground),9.8,91.2,171.4
2026-09-16 01:37:08,EQ-MOIL-6293,Dozer,Gumgaon Mine (Underground),9.5,100.2,99.3
2026-09-16 05:37:08,EQ-MOIL-5183,Excavator,Mansar Mine (Underground/Opencast),9.1,238.5,864.8
2026-09-16 09:37:08,EQ-MOIL-5754,Loader,Dongri Buzurg Mine (Opencast),10.4,122.0,149.9
2026-09-16 13:37:08,EQ-MOIL-5754,Loader,Dongri Buzurg Mine (Opencast),5.1,55.7,60.5
2026-09-16 17:37:08,EQ-MOIL-3091,Dozer,Dongri Buzurg Mine (Opencast),4.4,43.5,86.4
2026-09-16 21:37:08,EQ-MOIL-6293,Dozer,Gumgaon Mine (Underground),4.2,36.8,76.6
2026-09-17 01:37:08,EQ-MOIL-6858,Dozer,Dongri Buzurg Mine (Opencast),6.8,72.7,73.7
2026-09-17 05:37:08,EQ-MOIL-7199,Dozer,Balaghat Mine (Underground/Opencast),6.4,71.2,67.8
2026-09-17 09:37:08,EQ-MOIL-3452,Excavator,Gumgaon Mine (Underground),5.1,145.5,426.3
2026-09-17 13:37:08,EQ-MOIL-3091,Dozer,Dongri Buzurg Mine (Opencast),6.8,59.5,103.5
2026-09-17 17:37:08,EQ-MOIL-1830,Loader,Gumgaon Mine (Underground),11.6,130.2,129.7
2026-09-17 21:37:08,EQ-MOIL-7199,Dozer,Balaghat Mine (Underground/Opencast),6.4,55.0,106.0
2026-09-18 01:37:08,EQ-MOIL-1830,Loader,Gumgaon Mine (Underground),10.4,118.5,119.8
2026-09-18 05:37:08,EQ-MOIL-3452,Excavator,Gumgaon Mine (Underground),4.6,128.9,369.9
2026-09-18 09:37:08,EQ-MOIL-5754,Loader,Dongri Buzurg Mine (Opencast),8.0,87.4,109.0
2026-09-18 13:37:08,EQ-MOIL-9975,Driller,Chikla Mine (Underground),11.0,118.0,219.6
2026-09-18 17:37:08,EQ-MOIL-6293,Dozer,Gumgaon Mine (Underground),5.3,47.9,79.1
2026-09-18 21:37:08,EQ-MOIL-1560,Dumper,Dongri Buzurg Mine (Opencast),5.0,59.3,159.5
2026-09-19 01:37:08,EQ-MOIL-1830,Loader,Gumgaon Mine (Underground),9.7,106.4,185.2
2026-09-19 05:37:08,EQ-MOIL-7989,Driller,Mansar Mine (Underground/Opencast),5.6,48.5,102.4
2026-09-19 09:37:08,EQ-MOIL-5754,Loader,Dongri Buzurg Mine (Opencast),10.4,88.6,178.5
2026-09-19 13:37:08,EQ-MOIL-6443,Driller,Tirodi Mine (Opencast),7.9,88.1,152.6
2026-09-19 17:37:08,EQ-MOIL-9375,Excavator,Mansar Mine (Underground/Opencast),5.8,130.9,569.8
2026-09-19 21:37:08,EQ-MOIL-6858,Dozer,Dongri Buzurg Mine (Opencast),7.7,85.8,124.6
2026-09-20 01:37:08,EQ-MOIL-5183,Excavator,Mansar Mine (Underground/Opencast),10.3,288.2,1092.5
2026-09-20 05:37:08,EQ-MOIL-7989,Driller,Mansar Mine (Underground/Opencast),5.9,50.2,75.1
2026-09-20 09:37:08,EQ-MOIL-5183,Excavator,Mansar Mine (Underground/Opencast),5.1,113.7,529.7
2026-09-20 13:37:08,EQ-MOIL-9375,Excavator,Mansar Mine (Underground/Opencast),11.0,299.2,1154.9
2026-09-20 17:37:08,EQ-MOIL-6437,Dozer,Mansar Mine (Underground/Opencast),5.6,53.4,84.3
2026-09-20 21:37:08,EQ-MOIL-7989,Driller,Mansar Mine (Underground/Opencast),9.9,104.3,132.5
2026-09-21 01:37:08,EQ-MOIL-1560,Dumper,Dongri Buzurg Mine (Opencast),6.9,89.7,293.2
2026-09-21 05:37:08,EQ-MOIL-6437,Dozer,Mansar Mine (Underground/Opencast),5.2,49.8,67.1
2026-09-21 09:37:08,EQ-MOIL-6443,Driller,Tirodi Mine (Opencast),8.5,82.7,129.4
2026-09-21 13:37:08,EQ-MOIL-3452,Excavator,Gumgaon Mine (Underground),11.7,251.7,1111.5
2026-09-21 17:37:08,EQ-MOIL-6858,Dozer,Dongri Buzurg Mine (Opencast),11.4,136.3,159.9
2026-09-21 21:37:08,EQ-MOIL-1393,Driller,Chikla Mine (Underground),6.0,62.0,77.5
2026-09-22 01:37:08,EQ-MOIL-9375,Excavator,Mansar Mine (Underground/Opencast),6.9,145.8,750.4
2026-09-22 05:37:08,EQ-MOIL-6215,Driller,Dongri Buzurg Mine (Opencast),8.9,92.7,161.8
2026-09-22 09:37:08,EQ-MOIL-3452,Excavator,Gumgaon Mine (Underground),6.2,148.7,705.3
2026-09-22 13:37:08,EQ-MOIL-9004,Excavator,Tirodi Mine (Opencast),7.8,187.3,823.9
2026-09-22 17:37:08,EQ-MOIL-5754,Loader,Dongri Buzurg Mine (Opencast),9.1,95.2,155.2
2026-09-22 21:37:08,EQ-MOIL-3452,Excavator,Gumgaon Mine (Underground),9.5,261.7,1108.0
2026-09-23 01:37:08,EQ-MOIL-3452,Excavator,Gumgaon Mine (Underground),6.2,162.3,601.6
2026-09-23 05:37:08,EQ-MOIL-9375,Excavator,Mansar Mine (Underground/Opencast),9.6,241.5,999.8
2026-09-23 09:37:08,EQ-MOIL-6443,Driller,Tirodi Mine (Opencast),8.3,82.5,102.5
2026-09-23 13:37:08,EQ-MOIL-5754,Loader,Dongri Buzurg Mine (Opencast),5.2,50.1,84.7
2026-09-23 17:37:08,EQ-MOIL-6443,Driller,Tirodi Mine (Opencast),11.5,92.3,177.9
2026-09-23 21:37:08,EQ-MOIL-5183,Excavator,Mansar Mine (Underground/Opencast),9.4,205.1,912.6
2026-09-24 01:37:08,EQ-MOIL-3452,Excavator,Gumgaon Mine (Underground),11.4,296.8,1217.7
2026-09-24 05:37:08,EQ-MOIL-9975,Driller,Chikla Mine (Underground),10.5,117.3,111.9
2026-09-24 09:37:08,EQ-MOIL-6215,Driller,Dongri Buzurg Mine (Opencast),5.4,56.3,88.0
2026-09-24 13:37:08,EQ-MOIL-1830,Loader,Gumgaon Mine (Underground),8.3,95.8,163.1
2026-09-24 17:37:08,EQ-MOIL-1393,Driller,Chikla Mine (Underground),7.3,78.4,140.6
2026-09-24 21:37:08,EQ-MOIL-9004,Excavator,Tirodi Mine (Opencast),10.4,238.8,1236.2
2026-09-25 01:37:08,EQ-MOIL-5706,Dozer,Chikla Mine (Underground),10.5,106.8,187.3
2026-09-25 05:37:08,EQ-MOIL-5754,Loader,Dongri Buzurg Mine (Opencast),10.9,90.0,201.8
2026-09-25 09:37:08,EQ-MOIL-1393,Driller,Chikla Mine (Underground),8.9,101.2,100.2
2026-09-25 13:37:08,EQ-MOIL-6443,Driller,Tirodi Mine (Opencast),11.6,117.7,218.2
2026-09-25 17:37:08,EQ-MOIL-1560,Dumper,Dongri Buzurg Mine (Opencast),7.3,78.4,271.0
2026-09-25 21:37:08,EQ-MOIL-9004,Excavator,Tirodi Mine (Opencast),7.7,156.6,803.6
2026-09-26 01:37:08,EQ-MOIL-6293,Dozer,Gumgaon Mine (Underground),8.1,86.5,117.0
2026-09-26 05:37:08,EQ-MOIL-6443,Driller,Tirodi Mine (Opencast),11.7,101.6,132.1
2026-09-26 09:37:08,EQ-MOIL-6437,Dozer,Mansar Mine (Underground/Opencast),8.9,84.7,104.7
2026-09-26 13:37:08,EQ-MOIL-6443,Driller,Tirodi Mine (Opencast),8.9,83.5,117.2
2026-09-26 17:37:08,EQ-MOIL-7199,Dozer,Balaghat Mine (Underground/Opencast),6.4,55.1,83.7
2026-09-26 21:37:08,EQ-MOIL-1960,Excavator,Balaghat Mine (Underground/Opencast),4.1,94.4,457.2
2026-09-27 01:37:08,EQ-MOIL-7989,Driller,Mansar Mine (Underground/Opencast),6.7,73.9,71.9
2026-09-27 05:37:08,EQ-MOIL-1960,Excavator,Balaghat Mine (Underground/Opencast),4.8,120.1,474.1
2026-09-27 09:37:08,EQ-MOIL-9004,Excavator,Tirodi Mine (Opencast),6.0,150.2,559.2
2026-09-27 13:37:08,EQ-MOIL-1560,Dumper,Dongri Buzurg Mine (Opencast),6.7,99.9,252.8
2026-09-27 17:37:08,EQ-MOIL-6443,Driller,Tirodi Mine (Opencast),5.1,48.7,86.8
2026-09-27 21:37:08,EQ-MOIL-3150,Dozer,Kandri Mine (Underground),10.2,94.2,147.6
2026-09-28 01:37:08,EQ-MOIL-1560,Dumper,Dongri Buzurg Mine (Opencast),9.6,106.3,458.3
2026-09-28 05:37:08,EQ-MOIL-1393,Driller,Chikla Mine (Underground),4.7,47.3,83.5
2026-09-28 09:37:08,EQ-MOIL-5706,Dozer,Chikla Mine (Underground),5.5,62.6,101.3
2026-09-28 13:37:08,EQ-MOIL-3452,Excavator,Gumgaon Mine (Underground),5.3,150.2,605.5
2026-09-28 17:37:08,EQ-MOIL-6437,Dozer,Mansar Mine (Underground/Opencast),5.1,45.0,78.6
2026-09-28 21:37:08,EQ-MOIL-6215,Driller,Dongri Buzurg Mine (Opencast),4.8,43.7,62.6
2026-09-29 01:37:08,EQ-MOIL-7199,Dozer,Balaghat Mine (Underground/Opencast),10.7,94.2,165.7
2026-09-29 05:37:08,EQ-MOIL-1960,Excavator,Balaghat Mine (Underground/Opencast),9.4,244.3,773.4
2026-09-29 09:37:08,EQ-MOIL-7199,Dozer,Balaghat Mine (Underground/Opencast),10.8,96.2,152.6
2026-09-29 13:37:08,EQ-MOIL-1393,Driller,Chikla Mine (Underground),5.4,55.1,104.6
2026-09-29 17:37:08,EQ-MOIL-9375,Excavator,Mansar Mine (Underground/Opencast),9.1,263.9,1031.7
2026-09-29 21:37:08,EQ-MOIL-1560,Dumper,Dongri Buzurg Mine (Opencast),10.5,117.5,448.3
2026-09-30 01:37:08,EQ-MOIL-5183,Excavator,Mansar Mine (Underground/Opencast),4.1,94.9,452.4
2026-09-30 05:37:08,EQ-MOIL-6293,Dozer,Gumgaon Mine (Underground),11.5,105.1,208.4
2026-09-30 09:37:08,EQ-MOIL-9375,Excavator,Mansar Mine (Underground/Opencast),6.6,132.7,757.2
2026-09-30 13:37:08,EQ-MOIL-6437,Dozer,Mansar Mine (Underground/Opencast),7.6,75.4,141.1
2026-09-30 17:37:08,EQ-MOIL-7199,Dozer,Balaghat Mine (Underground/Opencast),11.2,114.5,119.4
2026-09-30 21:37:08,EQ-MOIL-1393,Driller,Chikla Mine (Underground),4.3,36.8,78.1
2026-10-01 01:37:08,EQ-MOIL-6443,Driller,Tirodi Mine (Opencast),9.4,98.6,136.0
2026-10-01 05:37:08,EQ-MOIL-3150,Dozer,Kandri Mine (Underground),5.3,57.8,87.2
2026-10-01 09:37:08,EQ-MOIL-5183,Excavator,Mansar Mine (Underground/Opencast),6.4,154.4,706.3
2026-10-01 13:37:08,EQ-MOIL-7989,Driller,Mansar Mine (Underground/Opencast),7.1,58.9,131.1
2026-10-01 17:37:08,EQ-MOIL-3091,Dozer,Dongri Buzurg Mine (Opencast),8.1,80.5,155.3
2026-10-01 21:37:08,EQ-MOIL-9004,Excavator,Tirodi Mine (Opencast),7.7,157.2,851.5
2026-10-02 01:37:08,EQ-MOIL-1560,Dumper,Dongri Buzurg Mine (Opencast),7.3,76.7,294.2
2026-10-02 05:37:08,EQ-MOIL-7989,Driller,Mansar Mine (Underground/Opencast),5.8,64.9,95.0
2026-10-02 09:37:08,EQ-MOIL-3452,Excavator,Gumgaon Mine (Underground),4.5,105.0,443.6
2026-10-02 13:37:08,EQ-MOIL-5754,Loader,Dongri Buzurg Mine (Opencast),7.1,67.1,100.6
2026-10-02 17:37:08,EQ-MOIL-6443,Driller,Tirodi Mine (Opencast),11.9,104.9,157.3
2026-10-02 21:37:08,EQ-MOIL-9375,Excavator,Mansar Mine (Underground/Opencast),6.8,181.3,810.9
2026-10-03 01:37:08,EQ-MOIL-6293,Dozer,Gumgaon Mine (Underground),5.7,63.2,58.1
2026-10-03 05:37:08,EQ-MOIL-6293,Dozer,Gumgaon Mine (Underground),7.5,77.7,87.9
2026-10-03 09:37:08,EQ-MOIL-6215,Driller,Dongri Buzurg Mine (Opencast),4.2,34.0,68.0
2026-10-03 13:37:08,EQ-MOIL-3452,Excavator,Gumgaon Mine (Underground),4.1,116.9,337.1
2026-10-03 17:37:08,EQ-MOIL-9975,Driller,Chikla Mine (Underground),11.5,129.3,167.8
2026-10-03 21:37:08,EQ-MOIL-5706,Dozer,Chikla Mine (Underground),10.9,88.6,207.0
2026-10-04 01:37:08,EQ-MOIL-5754,Loader,Dongri Buzurg Mine (Opencast),10.8,88.7,170.4
2026-10-04 05:37:08,EQ-MOIL-5754,Loader,Dongri Buzurg Mine (Opencast),5.7,47.1,63.8
2026-10-04 09:37:08,EQ-MOIL-6437,Dozer,Mansar Mine (Underground/Opencast),7.7,61.6,143.8
2026-10-04 13:37:08,EQ-MOIL-6437,Dozer,Mansar Mine (Underground/Opencast),8.9,73.1,156.5
2026-10-04 17:37:08,EQ-MOIL-1960,Excavator,Balaghat Mine (Underground/Opencast),10.8,321.2,943.8
2026-10-04 21:37:08,EQ-MOIL-1960,Excavator,Balaghat Mine (Underground/Opencast),10.1,255.5,888.2
2026-10-05 01:37:08,EQ-MOIL-9004,Excavator,Tirodi Mine (Opencast),8.8,255.2,933.3
2026-10-05 05:37:08,EQ-MOIL-5754,Loader,Dongri Buzurg Mine (Opencast),8.8,73.8,121.4
2026-10-05 09:37:08,EQ-MOIL-1393,Driller,Chikla Mine (Underground),4.5,45.6,88.1
2026-10-05 13:37:08,EQ-MOIL-9375,Excavator,Mansar Mine (Underground/Opencast),6.4,184.9,559.7
2026-10-05 17:37:08,EQ-MOIL-5183,Excavator,Mansar Mine (Underground/Opencast),8.9,233.6,835.5
2026-10-05 21:37:08,EQ-MOIL-5183,Excavator,Mansar Mine (Underground/Opencast),12.0,316.2,1007.0
2026-10-06 01:37:08,EQ-MOIL-1393,Driller,Chikla Mine (Underground),10.4,98.1,147.8
2026-10-06 05:37:08,EQ-MOIL-7199,Dozer,Balaghat Mine (Underground/Opencast),10.1,110.2,125.0
2026-10-06 09:37:08,EQ-MOIL-1960,Excavator,Balaghat Mine (Underground/Opencast),5.9,119.1,477.3
2026-10-06 13:37:08,EQ-MOIL-6215,Driller,Dongri Buzurg Mine (Opencast),11.4,108.6,149.8
2026-10-06 17:37:08,EQ-MOIL-6437,Dozer,Mansar Mine (Underground/Opencast),11.9,105.4,190.8
2026-10-06 21:37:08,EQ-MOIL-1960,Excavator,Balaghat Mine (Underground/Opencast),9.1,226.0,747.2
2026-10-07 01:37:08,EQ-MOIL-1830,Loader,Gumgaon Mine (Underground),8.2,90.5,128.5
2026-10-07 05:37:08,EQ-MOIL-6293,Dozer,Gumgaon Mine (Underground),12.0,119.8,192.5
2026-10-07 09:37:08,EQ-MOIL-1960,Excavator,Balaghat Mine (Underground/Opencast),4.2,123.5,473.8
2026-10-07 13:37:08,EQ-MOIL-9375,Excavator,Mansar Mine (Underground/Opencast),9.0,241.1,766.8
2026-10-07 17:37:08,EQ-MOIL-7199,Dozer,Balaghat Mine (Underground/Opencast),4.5,40.0,53.0
2026-10-07 21:37:08,EQ-MOIL-6437,Dozer,Mansar Mine (Underground/Opencast),11.5,138.0,120.0
2026-10-08 01:37:08,EQ-MOIL-9375,Excavator,Mansar Mine (Underground/Opencast),4.2,107.7,467.9
2026-10-08 05:37:08,EQ-MOIL-9375,Excavator,Mansar Mine (Underground/Opencast),11.9,306.3,1340.6
2026-10-08 09:37:08,EQ-MOIL-7199,Dozer,Balaghat Mine (Underground/Opencast),4.4,46.5,72.3
2026-10-08 13:37:08,EQ-MOIL-6858,Dozer,Dongri Buzurg Mine (Opencast),6.6,79.2,121.4
2026-10-08 17:37:08,EQ-MOIL-1960,Excavator,Balaghat Mine (Underground/Opencast),11.2,282.2,1271.8
2026-10-08 21:37:08,EQ-MOIL-1560,Dumper,Dongri Buzurg Mine (Opencast),7.7,77.4,300.6
2026-10-09 01:37:08,EQ-MOIL-7989,Driller,Mansar Mine (Underground/Opencast),10.5,106.1,139.2
2026-10-09 05:37:08,EQ-MOIL-9975,Driller,Chikla Mine (Underground),5.3,54.7,69.0
2026-10-09 09:37:08,EQ-MOIL-9004,Excavator,Tirodi Mine (Opencast),5.5,144.6,511.8
2026-10-09 13:37:08,EQ-MOIL-9975,Driller,Chikla Mine (Underground),7.2,76.9,104.2
2026-10-09 17:37:08,EQ-MOIL-3150,Dozer,Kandri Mine (Underground),10.6,99.9,119.3
2026-10-09 21:37:08,EQ-MOIL-6215,Driller,Dongri Buzurg Mine (Opencast),5.7,60.1,93.0
2026-10-10 01:37:08,EQ-MOIL-6437,Dozer,Mansar Mine (Underground/Opencast),4.5,44.6,55.9
2026-10-10 05:37:08,EQ-MOIL-3150,Dozer,Kandri Mine (Underground),10.6,98.7,114.3
2026-10-10 09:37:08,EQ-MOIL-1960,Excavator,Balaghat Mine (Underground/Opencast),4.4,122.6,459.5
2026-10-10 13:37:08,EQ-MOIL-5183,Excavator,Mansar Mine (Underground/Opencast),11.1,300.9,1112.7
2026-10-10 17:37:08,EQ-MOIL-6215,Driller,Dongri Buzurg Mine (Opencast),10.1,108.4,113.8
2026-10-10 21:37:08,EQ-MOIL-9004,Excavator,Tirodi Mine (Opencast),11.2,299.9,898.5
2026-10-11 01:37:08,EQ-MOIL-1560,Dumper,Dongri Buzurg Mine (Opencast),7.0,71.3,278.4
2026-10-11 05:37:08,EQ-MOIL-6215,Driller,Dongri Buzurg Mine (Opencast),11.0,120.2,118.0
2026-10-11 09:37:08,EQ-MOIL-9375,Excavator,Mansar Mine (Underground/Opencast),4.6,114.8,501.7
2026-10-11 13:37:08,EQ-MOIL-5183,Excavator,Mansar Mine (Underground/Opencast),9.6,199.2,1077.5
2026-10-11 17:37:08,EQ-MOIL-1830,Loader,Gumgaon Mine (Underground),8.5,95.7,124.1
2026-10-11 21:37:08,EQ-MOIL-3452,Excavator,Gumgaon Mine (Underground),9.6,257.2,1065.1
2026-10-12 01:37:08,EQ-MOIL-6437,Dozer,Mansar Mine (Underground/Opencast),4.6,53.7,60.1
2026-10-12 05:37:08,EQ-MOIL-7989,Driller,Mansar Mine (Underground/Opencast),8.0,75.8,148.2
2026-10-12 09:37:08,EQ-MOIL-5183,Excavator,Mansar Mine (Underground/Opencast),9.1,243.3,1017.8
2026-10-12 13:37:08,EQ-MOIL-3091,Dozer,Dongri Buzurg Mine (Opencast),11.0,104.7,179.6
2026-10-12 17:37:08,EQ-MOIL-9004,Excavator,Tirodi Mine (Opencast),10.7,278.6,1007.1
2026-10-12 21:37:08,EQ-MOIL-6437,Dozer,Mansar Mine (Underground/Opencast),10.0,91.2,108.4
2026-10-13 01:37:08,EQ-MOIL-3150,Dozer,Kandri Mine (Underground),8.8,89.3,173.9
2026-10-13 05:37:08,EQ-MOIL-3150,Dozer,Kandri Mine (Underground),10.7,111.2,160.3
2026-10-13 09:37:08,EQ-MOIL-1560,Dumper,Dongri Buzurg Mine (Opencast),8.7,120.9,306.7
2026-10-13 13:37:08,EQ-MOIL-1830,Loader,Gumgaon Mine (Underground),11.5,126.9,212.9
2026-10-13 17:37:08,EQ-MOIL-9375,Excavator,Mansar Mine (Underground/Opencast),6.2,161.8,715.1
2026-10-13 21:37:08,EQ-MOIL-1830,Loader,Gumgaon Mine (Underground),10.5,102.7,158.2
2026-10-14 01:37:08,EQ-MOIL-9375,Excavator,Mansar Mine (Underground/Opencast),8.1,196.1,859.3
2026-10-14 05:37:08,EQ-MOIL-3452,Excavator,Gumgaon Mine (Underground),7.2,182.0,729.1
2026-10-14 09:37:08,EQ-MOIL-5183,Excavator,Mansar Mine (Underground/Opencast),11.2,294.7,1099.8
2026-10-14 13:37:08,EQ-MOIL-1560,Dumper,Dongri Buzurg Mine (Opencast),7.7,79.8,255.8
2026-10-14 17:37:08,EQ-MOIL-5754,Loader,Dongri Buzurg Mine (Opencast),6.5,56.0,107.1
2026-10-14 21:37:08,EQ-MOIL-7989,Driller,Mansar Mine (Underground/Opencast),11.3,126.0,120.6
2026-10-15 01:37:08,EQ-MOIL-1393,Driller,Chikla Mine (Underground),6.7,55.1,106.4
2026-10-15 05:37:08,EQ-MOIL-9975,Driller,Chikla Mine (Underground),7.2,68.5,75.8
2026-10-15 09:37:08,EQ-MOIL-5706,Dozer,Chikla Mine (Underground),4.9,52.2,91.7
2026-10-15 13:37:08,EQ-MOIL-3150,Dozer,Kandri Mine (Underground),9.5,94.5,100.6
2026-10-15 17:37:08,EQ-MOIL-1560,Dumper,Dongri Buzurg Mine (Opencast),10.9,109.4,465.1
2026-10-15 21:37:08,EQ-MOIL-6437,Dozer,Mansar Mine (Underground/Opencast),9.9,100.0,195.3
2026-10-16 01:37:08,EQ-MOIL-5706,Dozer,Chikla Mine (Underground),4.6,39.6,82.0
2026-10-16 05:37:08,EQ-MOIL-9975,Driller,Chikla Mine (Underground),8.9,91.5,136.2
2026-10-16 09:37:08,EQ-MOIL-1830,Loader,Gumgaon Mine (Underground),4.1,33.5,72.3
2026-10-16 13:37:08,EQ-MOIL-3452,Excavator,Gumgaon Mine (Underground),8.9,206.4,900.7
2026-10-16 17:37:08,EQ-MOIL-3452,Excavator,Gumgaon Mine (Underground),4.2,98.2,483.9
2026-10-16 21:37:08,EQ-MOIL-6858,Dozer,Dongri Buzurg Mine (Opencast),6.8,69.3,135.4
2026-10-17 01:37:08,EQ-MOIL-9004,Excavator,Tirodi Mine (Opencast),9.3,214.6,1019.6
2026-10-17 05:37:08,EQ-MOIL-6443,Driller,Tirodi Mine (Opencast),6.7,73.3,88.3
2026-10-17 09:37:08,EQ-MOIL-5706,Dozer,Chikla Mine (Underground),7.6,73.9,76.7
2026-10-17 13:37:08,EQ-MOIL-1960,Excavator,Balaghat Mine (Underground/Opencast),6.7,197.4,666.5
2026-10-17 17:37:08,EQ-MOIL-6443,Driller,Tirodi Mine (Opencast),7.6,86.2,147.8
2026-10-17 21:37:08,EQ-MOIL-7989,Driller,Mansar Mine (Underground/Opencast),11.2,94.2,213.4
2026-10-18 01:37:08,EQ-MOIL-6293,Dozer,Gumgaon Mine (Underground),4.3,38.7,66.7
2026-10-18 05:37:08,EQ-MOIL-9975,Driller,Chikla Mine (Underground),7.1,66.9,140.7
2026-10-18 09:37:08,EQ-MOIL-1393,Driller,Chikla Mine (Underground),6.2,52.4,74.9
2026-10-18 13:37:08,EQ-MOIL-1560,Dumper,Dongri Buzurg Mine (Opencast),6.3,86.8,228.0
2026-10-18 17:37:08,EQ-MOIL-6215,Driller,Dongri Buzurg Mine (Opencast),11.4,124.2,143.8
2026-10-18 21:37:08,EQ-MOIL-1960,Excavator,Balaghat Mine (Underground/Opencast),7.9,195.1,767.9
2026-10-19 01:37:08,EQ-MOIL-9004,Excavator,Tirodi Mine (Opencast),6.3,188.7,712.8
2026-10-19 05:37:08,EQ-MOIL-7199,Dozer,Balaghat Mine (Underground/Opencast),7.0,67.1,76.6
2026-10-19 09:37:08,EQ-MOIL-5754,Loader,Dongri Buzurg Mine (Opencast),10.5,116.3,177.2
2026-10-19 13:37:08,EQ-MOIL-9004,Excavator,Tirodi Mine (Opencast),5.6,126.3,626.3
2026-10-19 17:37:08,EQ-MOIL-6437,Dozer,Mansar Mine (Underground/Opencast),6.8,57.3,76.6
2026-10-19 21:37:08,EQ-MOIL-6293,Dozer,Gumgaon Mine (Underground),5.9,69.3,59.3
2026-10-20 01:37:08,EQ-MOIL-3452,Excavator,Gumgaon Mine (Underground),7.7,229.2,774.1
2026-10-20 05:37:08,EQ-MOIL-6437,Dozer,Mansar Mine (Underground/Opencast),5.6,63.6,104.3
2026-10-20 09:37:08,EQ-MOIL-6293,Dozer,Gumgaon Mine (Underground),8.0,72.0,139.6
2026-10-20 13:37:08,EQ-MOIL-3452,Excavator,Gumgaon Mine (Underground),4.9,110.8,498.8
2026-10-20 17:37:08,EQ-MOIL-6437,Dozer,Mansar Mine (Underground/Opencast),9.8,83.7,178.8
2026-10-20 21:37:08,EQ-MOIL-6215,Driller,Dongri Buzurg Mine (Opencast),5.4,63.0,87.5
2026-10-21 01:37:08,EQ-MOIL-3150,Dozer,Kandri Mine (Underground),7.2,81.0,90.3
2026-10-21 05:37:08,EQ-MOIL-1393,Driller,Chikla Mine (Underground),8.7,95.8,121.5
2026-10-21 09:37:08,EQ-MOIL-6293,Dozer,Gumgaon Mine (Underground),5.6,45.8,84.7
2026-10-21 13:37:08,EQ-MOIL-1560,Dumper,Dongri Buzurg Mine (Opencast),6.7,74.9,288.5
2026-10-21 17:37:08,EQ-MOIL-9975,Driller,Chikla Mine (Underground),7.0,74.6,72.3
2026-10-21 21:37:08,EQ-MOIL-5754,Loader,Dongri Buzurg Mine (Opencast),6.5,55.6,88.2
2026-10-22 01:37:08,EQ-MOIL-5706,Dozer,Chikla Mine (Underground),8.2,87.5,109.4
2026-10-22 05:37:08,EQ-MOIL-6437,Dozer,Mansar Mine (Underground/Opencast),8.7,103.4,124.1
2026-10-22 09:37:08,EQ-MOIL-6215,Driller,Dongri Buzurg Mine (Opencast),9.1,103.1,137.2
2026-10-22 13:37:08,EQ-MOIL-5706,Dozer,Chikla Mine (Underground),9.1,90.8,113.6
2026-10-22 17:37:08,EQ-MOIL-6443,Driller,Tirodi Mine (Opencast),9.6,100.6,129.9
2026-10-22 21:37:08,EQ-MOIL-1393,Driller,Chikla Mine (Underground),12.0,100.6,203.2
2026-10-23 01:37:08,EQ-MOIL-5183,Excavator,Mansar Mine (Underground/Opencast),11.1,252.0,1290.3
2026-10-23 05:37:08,EQ-MOIL-9004,Excavator,Tirodi Mine (Opencast),6.9,197.0,560.8
2026-10-23 09:37:08,EQ-MOIL-7989,Driller,Mansar Mine (Underground/Opencast),6.5,67.7,117.4
2026-10-23 13:37:08,EQ-MOIL-7989,Driller,Mansar Mine (Underground/Opencast),5.9,68.6,112.9
2026-10-23 17:37:08,EQ-MOIL-6293,Dozer,Gumgaon Mine (Underground),9.1,97.2,108.7
2026-10-23 21:37:08,EQ-MOIL-6437,Dozer,Mansar Mine (Underground/Opencast),8.0,87.3,88.8
2026-10-24 01:37:08,EQ-MOIL-9004,Excavator,Tirodi Mine (Opencast),8.1,229.0,813.5
2026-10-24 05:37:08,EQ-MOIL-3452,Excavator,Gumgaon Mine (Underground),5.1,130.1,422.0
2026-10-24 09:37:08,EQ-MOIL-3091,Dozer,Dongri Buzurg Mine (Opencast),11.7,108.7,124.2
2026-10-24 13:37:08,EQ-MOIL-9975,Driller,Chikla Mine (Underground),5.3,48.0,53.0
2026-10-24 17:37:08,EQ-MOIL-6293,Dozer,Gumgaon Mine (Underground),10.8,126.8,122.4
2026-10-24 21:37:08,EQ-MOIL-9004,Excavator,Tirodi Mine (Opencast),5.8,125.2,625.4
2026-10-25 01:37:08,EQ-MOIL-6443,Driller,Tirodi Mine (Opencast),9.2,80.4,127.8
2026-10-25 05:37:08,EQ-MOIL-7199,Dozer,Balaghat Mine (Underground/Opencast),10.6,111.1,144.7
2026-10-25 09:37:08,EQ-MOIL-3091,Dozer,Dongri Buzurg Mine (Opencast),11.1,99.8,134.8
2026-10-25 13:37:08,EQ-MOIL-6437,Dozer,Mansar Mine (Underground/Opencast),6.5,62.1,105.3
2026-10-25 17:37:08,EQ-MOIL-1393,Driller,Chikla Mine (Underground),11.6,135.7,172.2
2026-10-25 21:37:08,EQ-MOIL-6858,Dozer,Dongri Buzurg Mine (Opencast),8.8,93.0,93.4
2026-10-26 01:37:08,EQ-MOIL-5754,Loader,Dongri Buzurg Mine (Opencast),11.7,111.8,212.5
2026-10-26 05:37:08,EQ-MOIL-5754,Loader,Dongri Buzurg Mine (Opencast),5.6,64.6,70.4
2026-10-26 09:37:08,EQ-MOIL-3091,Dozer,Dongri Buzurg Mine (Opencast),10.8,101.1,126.5
2026-10-26 13:37:08,EQ-MOIL-3150,Dozer,Kandri Mine (Underground),11.9,136.7,219.3
2026-10-26 17:37:08,EQ-MOIL-6215,Driller,Dongri Buzurg Mine (Opencast),8.8,92.7,120.9
2026-10-26 21:37:08,EQ-MOIL-6437,Dozer,Mansar Mine (Underground/Opencast),10.9,129.4,195.7
2026-10-27 01:37:08,EQ-MOIL-6443,Driller,Tirodi Mine (Opencast),8.3,74.6,131.1
2026-10-27 05:37:08,EQ-MOIL-1393,Driller,Chikla Mine (Underground),5.1,50.5,76.1
2026-10-27 09:37:08,EQ-MOIL-6443,Driller,Tirodi Mine (Opencast),11.1,110.0,159.4
2026-10-27 13:37:08,EQ-MOIL-5754,Loader,Dongri Buzurg Mine (Opencast),10.0,84.0,126.7
2026-10-27 17:37:08,EQ-MOIL-6293,Dozer,Gumgaon Mine (Underground),7.3,74.3,121.8
2026-10-27 21:37:08,EQ-MOIL-9375,Excavator,Mansar Mine (Underground/Opencast),6.7,187.0,567.6
2026-10-28 01:37:08,EQ-MOIL-5754,Loader,Dongri Buzurg Mine (Opencast),9.2,88.6,180.4
2026-10-28 05:37:08,EQ-MOIL-3150,Dozer,Kandri Mine (Underground),6.2,51.7,107.8
2026-10-28 09:37:08,EQ-MOIL-6443,Driller,Tirodi Mine (Opencast),10.2,114.2,157.2
2026-10-28 13:37:08,EQ-MOIL-1830,Loader,Gumgaon Mine (Underground),7.3,74.6,112.0
2026-10-28 17:37:08,EQ-MOIL-5183,Excavator,Mansar Mine (Underground/Opencast),12.0,256.6,1276.2
2026-10-28 21:37:08,EQ-MOIL-5754,Loader,Dongri Buzurg Mine (Opencast),9.4,76.6,143.9
2026-10-29 01:37:08,EQ-MOIL-5706,Dozer,Chikla Mine (Underground),10.4,85.4,139.5
2026-10-29 05:37:08,EQ-MOIL-6437,Dozer,Mansar Mine (Underground/Opencast),9.9,110.7,152.7
2026-10-29 09:37:08,EQ-MOIL-3150,Dozer,Kandri Mine (Underground),7.2,58.8,136.4
2026-10-29 13:37:08,EQ-MOIL-6215,Driller,Dongri Buzurg Mine (Opencast),8.1,65.6,154.5
2026-10-29 17:37:08,EQ-MOIL-1830,Loader,Gumgaon Mine (Underground),10.2,115.2,167.1
2026-10-29 21:37:08,EQ-MOIL-1560,Dumper,Dongri Buzurg Mine (Opencast),4.9,53.8,164.4
2026-10-30 01:37:08,EQ-MOIL-9975,Driller,Chikla Mine (Underground),6.8,55.7,125.5
2026-10-30 05:37:08,EQ-MOIL-9975,Driller,Chikla Mine (Underground),11.2,124.3,121.7
2026-10-30 09:37:08,EQ-MOIL-6443,Driller,Tirodi Mine (Opencast),7.0,80.8,136.1
2026-10-30 13:37:08,EQ-MOIL-9004,Excavator,Tirodi Mine (Opencast),8.6,228.8,812.9
2026-10-30 17:37:08,EQ-MOIL-5706,Dozer,Chikla Mine (Underground),10.4,113.4,169.2
2026-10-30 21:37:08,EQ-MOIL-3452,Excavator,Gumgaon Mine (Underground),4.0,89.2,359.8
2026-10-31 01:37:08,EQ-MOIL-6443,Driller,Tirodi Mine (Opencast),9.4,104.1,96.9
2026-10-31 05:37:08,EQ-MOIL-1560,Dumper,Dongri Buzurg Mine (Opencast),5.5,69.3,193.8
2026-10-31 09:37:08,EQ-MOIL-1960,Excavator,Balaghat Mine (Underground/Opencast),7.4,182.9,754.7
2026-10-31 13:37:08,EQ-MOIL-7989,Driller,Mansar Mine (Underground/Opencast),10.0,105.8,152.9
2026-10-31 17:37:08,EQ-MOIL-5706,Dozer,Chikla Mine (Underground),9.0,98.8,134.4
2026-10-31 21:37:08,EQ-MOIL-5706,Dozer,Chikla Mine (Underground),5.0,49.2,83.6
2026-11-01 01:37:08,EQ-MOIL-1393,Driller,Chikla Mine (Underground),5.5,63.8,106.5
2026-11-01 05:37:08,EQ-MOIL-1560,Dumper,Dongri Buzurg Mine (Opencast),9.8,133.2,372.2
2026-11-01 09:37:08,EQ-MOIL-6437,Dozer,Mansar Mine (Underground/Opencast),7.8,62.8,137.8
2026-11-01 13:37:08,EQ-MOIL-5183,Excavator,Mansar Mine (Underground/Opencast),9.0,203.8,768.3
2026-11-01 17:37:08,EQ-MOIL-1393,Driller,Chikla Mine (Underground),11.8,98.7,188.7
2026-11-01 21:37:08,EQ-MOIL-6443,Driller,Tirodi Mine (Opencast),8.4,79.5,113.9
2026-11-02 01:37:08,EQ-MOIL-7989,Driller,Mansar Mine (Underground/Opencast),4.0,39.2,55.5
2026-11-02 05:37:08,EQ-MOIL-5754,Loader,Dongri Buzurg Mine (Opencast),5.6,48.2,61.6
2026-11-02 09:37:08,EQ-MOIL-9975,Driller,Chikla Mine (Underground),9.1,106.1,138.3
2026-11-02 13:37:08,EQ-MOIL-5183,Excavator,Mansar Mine (Underground/Opencast),8.7,199.9,828.2
2026-11-02 17:37:08,EQ-MOIL-1830,Loader,Gumgaon Mine (Underground),10.4,90.2,190.3
2026-11-02 21:37:08,EQ-MOIL-7199,Dozer,Balaghat Mine (Underground/Opencast),8.1,78.8,112.9
2026-11-03 01:37:08,EQ-MOIL-1393,Driller,Chikla Mine (Underground),7.5,81.6,145.4
2026-11-03 05:37:08,EQ-MOIL-3150,Dozer,Kandri Mine (Underground),9.4,100.3,177.9
2026-11-03 09:37:08,EQ-MOIL-6215,Driller,Dongri Buzurg Mine (Opencast),9.0,92.3,146.4
2026-11-03 13:37:08,EQ-MOIL-6293,Dozer,Gumgaon Mine (Underground),8.8,84.8,170.2
2026-11-03 17:37:08,EQ-MOIL-3091,Dozer,Dongri Buzurg Mine (Opencast),6.0,56.9,70.9
2026-11-03 21:37:08,EQ-MOIL-6443,Driller,Tirodi Mine (Opencast),9.6,105.8,113.4
2026-11-04 01:37:08,EQ-MOIL-7989,Driller,Mansar Mine (Underground/Opencast),6.0,61.1,61.1
2026-11-04 05:37:08,EQ-MOIL-1830,Loader,Gumgaon Mine (Underground),11.1,97.8,127.1
2026-11-04 09:37:08,EQ-MOIL-3452,Excavator,Gumgaon Mine (Underground),6.4,178.1,661.5
2026-11-04 13:37:08,EQ-MOIL-1393,Driller,Chikla Mine (Underground),9.8,83.5,120.6
2026-11-04 17:37:08,EQ-MOIL-6293,Dozer,Gumgaon Mine (Underground),7.8,91.6,96.5
2026-11-04 21:37:08,EQ-MOIL-1960,Excavator,Balaghat Mine (Underground/Opencast),9.4,253.8,1105.0
2026-11-05 01:37:08,EQ-MOIL-1560,Dumper,Dongri Buzurg Mine (Opencast),6.3,82.4,243.8
2026-11-05 05:37:08,EQ-MOIL-1960,Excavator,Balaghat Mine (Underground/Opencast),4.8,125.3,462.3
2026-11-05 09:37:08,EQ-MOIL-1393,Driller,Chikla Mine (Underground),4.6,44.2,87.1
2026-11-05 13:37:08,EQ-MOIL-7989,Driller,Mansar Mine (Underground/Opencast),4.0,37.4,65.9
2026-11-05 17:37:08,EQ-MOIL-6443,Driller,Tirodi Mine (Opencast),5.1,57.7,64.9
2026-11-05 21:37:08,EQ-MOIL-9004,Excavator,Tirodi Mine (Opencast),10.1,261.4,1038.8
2026-11-06 01:37:08,EQ-MOIL-1393,Driller,Chikla Mine (Underground),11.2,96.6,121.5
2026-11-06 05:37:08,EQ-MOIL-9975,Driller,Chikla Mine (Underground),4.8,57.2,58.4
2026-11-06 09:37:08,EQ-MOIL-1960,Excavator,Balaghat Mine (Underground/Opencast),7.2,168.2,624.2
2026-11-06 13:37:08,EQ-MOIL-3091,Dozer,Dongri Buzurg Mine (Opencast),7.8,68.0,88.8
2026-11-06 17:37:08,EQ-MOIL-3091,Dozer,Dongri Buzurg Mine (Opencast),4.7,54.8,88.6
2026-11-06 21:37:08,EQ-MOIL-7199,Dozer,Balaghat Mine (Underground/Opencast),6.5,55.1,100.2
2026-11-07 01:37:08,EQ-MOIL-5183,Excavator,Mansar Mine (Underground/Opencast),10.6,275.4,1247.8
2026-11-07 05:37:08,EQ-MOIL-3452,Excavator,Gumgaon Mine (Underground),4.1,106.7,447.6
2026-11-07 09:37:08,EQ-MOIL-9975,Driller,Chikla Mine (Underground),9.3,90.8,125.0
2026-11-07 13:37:08,EQ-MOIL-6215,Driller,Dongri Buzurg Mine (Opencast),9.1,87.2,148.6
2026-11-07 17:37:08,EQ-MOIL-3091,Dozer,Dongri Buzurg Mine (Opencast),10.7,111.4,152.4
2026-11-07 21:37:08,EQ-MOIL-3150,Dozer,Kandri Mine (Underground),6.3,51.5,94.6
2026-11-08 01:37:08,EQ-MOIL-6437,Dozer,Mansar Mine (Underground/Opencast),6.2,54.3,84.4
2026-11-08 05:37:08,EQ-MOIL-9375,Excavator,Mansar Mine (Underground/Opencast),10.8,282.1,977.7
2026-11-08 09:37:08,EQ-MOIL-1560,Dumper,Dongri Buzurg Mine (Opencast),7.4,107.2,330.3
2026-11-08 13:37:08,EQ-MOIL-6437,Dozer,Mansar Mine (Underground/Opencast),5.2,42.4,89.7
2026-11-08 17:37:08,EQ-MOIL-6437,Dozer,Mansar Mine (Underground/Opencast),9.7,83.1,171.0
2026-11-08 21:37:08,EQ-MOIL-5754,Loader,Dongri Buzurg Mine (Opencast),8.5,101.0,166.6
2026-11-09 01:37:08,EQ-MOIL-6293,Dozer,Gumgaon Mine (Underground),11.5,103.9,154.5
2026-11-09 05:37:08,EQ-MOIL-7989,Driller,Mansar Mine (Underground/Opencast),5.4,49.6,92.4
2026-11-09 09:37:08,EQ-MOIL-5706,Dozer,Chikla Mine (Underground),9.0,85.0,106.3
2026-11-09 13:37:08,EQ-MOIL-6437,Dozer,Mansar Mine (Underground/Opencast),5.5,51.2,107.7
2026-11-09 17:37:08,EQ-MOIL-5706,Dozer,Chikla Mine (Underground),4.3,47.4,47.0
2026-11-09 21:37:08,EQ-MOIL-5706,Dozer,Chikla Mine (Underground),11.3,100.2,136.7
2026-11-10 01:37:08,EQ-MOIL-1560,Dumper,Dongri Buzurg Mine (Opencast),7.2,92.5,314.5
2026-11-10 05:37:08,EQ-MOIL-6437,Dozer,Mansar Mine (Underground/Opencast),4.8,38.9,64.4
2026-11-10 09:37:08,EQ-MOIL-6858,Dozer,Dongri Buzurg Mine (Opencast),9.9,107.0,173.1
2026-11-10 13:37:08,EQ-MOIL-7989,Driller,Mansar Mine (Underground/Opencast),8.6,91.4,111.2
2026-11-10 17:37:08,EQ-MOIL-6443,Driller,Tirodi Mine (Opencast),8.2,85.6,118.5
2026-11-10 21:37:08,EQ-MOIL-7199,Dozer,Balaghat Mine (Underground/Opencast),8.9,75.7,109.2
2026-11-11 01:37:08,EQ-MOIL-6858,Dozer,Dongri Buzurg Mine (Opencast),5.9,54.5,68.8
2026-11-11 05:37:08,EQ-MOIL-6858,Dozer,Dongri Buzurg Mine (Opencast),7.1,73.4,140.6
2026-11-11 09:37:08,EQ-MOIL-6437,Dozer,Mansar Mine (Underground/Opencast),6.7,63.8,115.6
2026-11-11 13:37:08,EQ-MOIL-6215,Driller,Dongri Buzurg Mine (Opencast),10.2,94.5,171.9
2026-11-11 17:37:08,EQ-MOIL-3150,Dozer,Kandri Mine (Underground),9.5,109.7,122.8
2026-11-11 21:37:08,EQ-MOIL-7199,Dozer,Balaghat Mine (Underground/Opencast),9.8,108.0,122.5
2026-11-12 01:37:08,EQ-MOIL-3452,Excavator,Gumgaon Mine (Underground),5.5,123.2,564.8
2026-11-12 05:37:08,EQ-MOIL-6443,Driller,Tirodi Mine (Opencast),5.9,50.9,91.1
2026-11-12 09:37:08,EQ-MOIL-1960,Excavator,Balaghat Mine (Underground/Opencast),5.5,137.5,518.6
2026-11-12 13:37:08,EQ-MOIL-1830,Loader,Gumgaon Mine (Underground),5.1,51.9,83.9
2026-11-12 17:37:08,EQ-MOIL-1830,Loader,Gumgaon Mine (Underground),10.0,98.6,157.5
2026-11-12 21:37:08,EQ-MOIL-6215,Driller,Dongri Buzurg Mine (Opencast),10.0,97.2,170.5
2026-11-13 01:37:08,EQ-MOIL-6215,Driller,Dongri Buzurg Mine (Opencast),10.7,122.6,159.9
2026-11-13 05:37:08,EQ-MOIL-6443,Driller,Tirodi Mine (Opencast),11.4,117.4,185.2
2026-11-13 09:37:08,EQ-MOIL-6443,Driller,Tirodi Mine (Opencast),6.5,73.3,91.3
2026-11-13 13:37:08,EQ-MOIL-1393,Driller,Chikla Mine (Underground),7.2,67.3,99.1
2026-11-13 17:37:08,EQ-MOIL-5706,Dozer,Chikla Mine (Underground),7.2,59.4,120.7
2026-11-13 21:37:08,EQ-MOIL-9004,Excavator,Tirodi Mine (Opencast),9.1,194.9,825.0
2026-11-14 01:37:08,EQ-MOIL-1393,Driller,Chikla Mine (Underground),10.6,102.0,164.4
2026-11-14 05:37:08,EQ-MOIL-7199,Dozer,Balaghat Mine (Underground/Opencast),7.3,86.7,76.6
2026-11-14 09:37:08,EQ-MOIL-1560,Dumper,Dongri Buzurg Mine (Opencast),11.4,141.8,431.0
2026-11-14 13:37:08,EQ-MOIL-6215,Driller,Dongri Buzurg Mine (Opencast),5.9,53.7,98.4
2026-11-14 17:37:08,EQ-MOIL-7989,Driller,Mansar Mine (Underground/Opencast),7.6,62.0,139.6
2026-11-14 21:37:08,EQ-MOIL-1560,Dumper,Dongri Buzurg Mine (Opencast),6.5,95.0,297.1
2026-11-15 01:37:08,EQ-MOIL-5183,Excavator,Mansar Mine (Underground/Opencast),6.1,128.1,495.6
2026-11-15 05:37:08,EQ-MOIL-3091,Dozer,Dongri Buzurg Mine (Opencast),8.8,100.6,104.9
2026-11-15 09:37:08,EQ-MOIL-1393,Driller,Chikla Mine (Underground),11.4,114.7,131.6
2026-11-15 13:37:08,EQ-MOIL-7989,Driller,Mansar Mine (Underground/Opencast),9.8,104.3,194.1
2026-11-15 17:37:08,EQ-MOIL-6443,Driller,Tirodi Mine (Opencast),11.3,102.4,218.1
2026-11-15 21:37:08,EQ-MOIL-1830,Loader,Gumgaon Mine (Underground),11.9,132.2,127.2
2026-11-16 01:37:08,EQ-MOIL-5754,Loader,Dongri Buzurg Mine (Opencast),4.5,53.9,79.4
2026-11-16 05:37:08,EQ-MOIL-1560,Dumper,Dongri Buzurg Mine (Opencast),10.6,118.4,404.4
2026-11-16 09:37:08,EQ-MOIL-5183,Excavator,Mansar Mine (Underground/Opencast),6.0,163.5,504.6
2026-11-16 13:37:08,EQ-MOIL-6215,Driller,Dongri Buzurg Mine (Opencast),8.3,74.3,146.5
2026-11-16 17:37:08,EQ-MOIL-1960,Excavator,Balaghat Mine (Underground/Opencast),9.2,221.0,781.8
2026-11-16 21:37:08,EQ-MOIL-7989,Driller,Mansar Mine (Underground/Opencast),8.8,103.7,136.8
2026-11-17 01:37:08,EQ-MOIL-1393,Driller,Chikla Mine (Underground),6.9,61.5,87.3
2026-11-17 05:37:08,EQ-MOIL-1830,Loader,Gumgaon Mine (Underground),7.3,80.9,119.3
2026-11-17 09:37:08,EQ-MOIL-3150,Dozer,Kandri Mine (Underground),10.7,113.9,135.8
2026-11-17 13:37:08,EQ-MOIL-9975,Driller,Chikla Mine (Underground),6.0,53.7,91.8
2026-11-17 17:37:08,EQ-MOIL-6293,Dozer,Gumgaon Mine (Underground),4.3,37.2,48.3
2026-11-17 21:37:08,EQ-MOIL-9004,Excavator,Tirodi Mine (Opencast),4.7,134.2,464.4
2026-11-18 01:37:08,EQ-MOIL-5183,Excavator,Mansar Mine (Underground/Opencast),7.0,193.8,734.2
2026-11-18 05:37:08,EQ-MOIL-6215,Driller,Dongri Buzurg Mine (Opencast),6.7,67.9,132.5
2026-11-18 09:37:08,EQ-MOIL-9975,Driller,Chikla Mine (Underground),8.9,88.2,104.4
2026-11-18 13:37:08,EQ-MOIL-9975,Driller,Chikla Mine (Underground),9.6,107.2,146.3
2026-11-18 17:37:08,EQ-MOIL-3452,Excavator,Gumgaon Mine (Underground),7.3,188.7,645.6
2026-11-18 21:37:08,EQ-MOIL-6858,Dozer,Dongri Buzurg Mine (Opencast),11.1,127.6,199.1
2026-11-19 01:37:08,EQ-MOIL-6215,Driller,Dongri Buzurg Mine (Opencast),7.1,67.1,88.7
2026-11-19 05:37:08,EQ-MOIL-6293,Dozer,Gumgaon Mine (Underground),6.0,70.1,112.6
2026-11-19 09:37:08,EQ-MOIL-5754,Loader,Dongri Buzurg Mine (Opencast),5.1,52.1,97.4
2026-11-19 13:37:08,EQ-MOIL-6437,Dozer,Mansar Mine (Underground/Opencast),10.5,94.2,144.4
2026-11-19 17:37:08,EQ-MOIL-6215,Driller,Dongri Buzurg Mine (Opencast),4.8,47.3,75.9
2026-11-19 21:37:08,EQ-MOIL-3452,Excavator,Gumgaon Mine (Underground),5.6,147.5,453.9
2026-11-20 01:37:08,EQ-MOIL-1560,Dumper,Dongri Buzurg Mine (Opencast),11.4,130.5,464.3
2026-11-20 05:37:08,EQ-MOIL-3452,Excavator,Gumgaon Mine (Underground),4.2,91.6,411.2
2026-11-20 09:37:08,EQ-MOIL-6858,Dozer,Dongri Buzurg Mine (Opencast),7.2,57.8,116.2
2026-11-20 13:37:08,EQ-MOIL-9375,Excavator,Mansar Mine (Underground/Opencast),6.2,158.8,731.5
2026-11-20 17:37:08,EQ-MOIL-5754,Loader,Dongri Buzurg Mine (Opencast),9.4,82.0,150.9
2026-11-20 21:37:08,EQ-MOIL-9375,Excavator,Mansar Mine (Underground/Opencast),5.2,106.8,484.2
2026-11-21 01:37:08,EQ-MOIL-5183,Excavator,Mansar Mine (Underground/Opencast),7.1,146.7,738.5
2026-11-21 05:37:08,EQ-MOIL-5754,Loader,Dongri Buzurg Mine (Opencast),7.6,68.6,87.7
2026-11-21 09:37:08,EQ-MOIL-1960,Excavator,Balaghat Mine (Underground/Opencast),9.1,233.2,924.9
2026-11-21 13:37:08,EQ-MOIL-7989,Driller,Mansar Mine (Underground/Opencast),9.0,82.1,117.8
2026-11-21 17:37:08,EQ-MOIL-7989,Driller,Mansar Mine (Underground/Opencast),8.1,92.3,156.9
2026-11-21 21:37:08,EQ-MOIL-6858,Dozer,Dongri Buzurg Mine (Opencast),4.7,47.6,83.3
2026-11-22 01:37:08,EQ-MOIL-6293,Dozer,Gumgaon Mine (Underground),7.7,74.3,139.0
2026-11-22 05:37:08,EQ-MOIL-1393,Driller,Chikla Mine (Underground),8.9,85.2,122.8
2026-11-22 09:37:08,EQ-MOIL-6437,Dozer,Mansar Mine (Underground/Opencast),7.1,79.5,117.8
2026-11-22 13:37:08,EQ-MOIL-9375,Excavator,Mansar Mine (Underground/Opencast),11.3,239.3,938.1
2026-11-22 17:37:08,EQ-MOIL-5754,Loader,Dongri Buzurg Mine (Opencast),6.7,61.3,129.8
2026-11-22 21:37:08,EQ-MOIL-9004,Excavator,Tirodi Mine (Opencast),6.6,187.9,560.2
2026-11-23 01:37:08,EQ-MOIL-1960,Excavator,Balaghat Mine (Underground/Opencast),8.4,234.8,800.1
2026-11-23 05:37:08,EQ-MOIL-9975,Driller,Chikla Mine (Underground),9.4,102.0,108.8
2026-11-23 09:37:08,EQ-MOIL-9375,Excavator,Mansar Mine (Underground/Opencast),9.7,204.3,1041.6
2026-11-23 13:37:08,EQ-MOIL-6215,Driller,Dongri Buzurg Mine (Opencast),9.9,91.7,151.7
2026-11-23 17:37:08,EQ-MOIL-6443,Driller,Tirodi Mine (Opencast),8.5,84.1,140.7
2026-11-23 21:37:08,EQ-MOIL-6293,Dozer,Gumgaon Mine (Underground),9.6,105.4,103.7
2026-11-24 01:37:08,EQ-MOIL-9375,Excavator,Mansar Mine (Underground/Opencast),11.6,333.7,1052.2
2026-11-24 05:37:08,EQ-MOIL-1393,Driller,Chikla Mine (Underground),5.3,55.3,92.6
2026-11-24 09:37:08,EQ-MOIL-5706,Dozer,Chikla Mine (Underground),8.6,75.5,136.4
2026-11-24 13:37:08,EQ-MOIL-5706,Dozer,Chikla Mine (Underground),8.6,77.9,102.0
2026-11-24 17:37:08,EQ-MOIL-1830,Loader,Gumgaon Mine (Underground),9.3,89.1,117.3
2026-11-24 21:37:08,EQ-MOIL-5183,Excavator,Mansar Mine (Underground/Opencast),8.4,206.8,907.2
2026-11-25 01:37:08,EQ-MOIL-6293,Dozer,Gumgaon Mine (Underground),6.9,62.1,81.1
2026-11-25 05:37:08,EQ-MOIL-6215,Driller,Dongri Buzurg Mine (Opencast),6.9,66.1,120.1
2026-11-25 09:37:08,EQ-MOIL-7199,Dozer,Balaghat Mine (Underground/Opencast),7.4,59.2,91.7
2026-11-25 13:37:08,EQ-MOIL-3150,Dozer,Kandri Mine (Underground),6.3,50.7,67.8
2026-11-25 17:37:08,EQ-MOIL-7199,Dozer,Balaghat Mine (Underground/Opencast),9.2,100.1,162.2
2026-11-25 21:37:08,EQ-MOIL-3091,Dozer,Dongri Buzurg Mine (Opencast),8.6,89.5,126.1
2026-11-26 01:37:08,EQ-MOIL-6437,Dozer,Mansar Mine (Underground/Opencast),6.0,51.6,84.3
2026-11-26 05:37:08,EQ-MOIL-5754,Loader,Dongri Buzurg Mine (Opencast),11.6,112.6,157.9
2026-11-26 09:37:08,EQ-MOIL-9975,Driller,Chikla Mine (Underground),6.1,71.5,120.0
2026-11-26 13:37:08,EQ-MOIL-1960,Excavator,Balaghat Mine (Underground/Opencast),7.7,223.5,814.8
2026-11-26 17:37:08,EQ-MOIL-7199,Dozer,Balaghat Mine (Underground/Opencast),8.0,72.1,97.5
2026-11-26 21:37:08,EQ-MOIL-9375,Excavator,Mansar Mine (Underground/Opencast),4.4,121.6,364.8
2026-11-27 01:37:08,EQ-MOIL-9375,Excavator,Mansar Mine (Underground/Opencast),7.0,140.6,679.5
2026-11-27 05:37:08,EQ-MOIL-6443,Driller,Tirodi Mine (Opencast),8.7,72.8,150.9
2026-11-27 09:37:08,EQ-MOIL-7989,Driller,Mansar Mine (Underground/Opencast),8.5,81.2,121.8
2026-11-27 13:37:08,EQ-MOIL-1830,Loader,Gumgaon Mine (Underground),9.9,114.7,131.4
2026-11-27 17:37:08,EQ-MOIL-9004,Excavator,Tirodi Mine (Opencast),10.8,230.2,1121.1
2026-11-27 21:37:08,EQ-MOIL-7989,Driller,Mansar Mine (Underground/Opencast),8.6,96.8,89.6
2026-11-28 01:37:08,EQ-MOIL-1830,Loader,Gumgaon Mine (Underground),6.7,68.5,129.4
2026-11-28 05:37:08,EQ-MOIL-1560,Dumper,Dongri Buzurg Mine (Opencast),9.4,130.6,443.0
2026-11-28 09:37:08,EQ-MOIL-1830,Loader,Gumgaon Mine (Underground),6.8,69.8,127.2
2026-11-28 13:37:08,EQ-MOIL-9004,Excavator,Tirodi Mine (Opencast),7.6,196.7,814.6
2026-11-28 17:37:08,EQ-MOIL-5754,Loader,Dongri Buzurg Mine (Opencast),8.6,99.3,164.7
2026-11-28 21:37:08,EQ-MOIL-6443,Driller,Tirodi Mine (Opencast),10.7,98.8,185.3
2026-11-29 01:37:08,EQ-MOIL-1960,Excavator,Balaghat Mine (Underground/Opencast),5.9,122.7,661.7
2026-11-29 05:37:08,EQ-MOIL-7199,Dozer,Balaghat Mine (Underground/Opencast),9.2,108.0,165.8
2026-11-29 09:37:08,EQ-MOIL-3091,Dozer,Dongri Buzurg Mine (Opencast),4.4,39.8,79.9
2026-11-29 13:37:08,EQ-MOIL-3452,Excavator,Gumgaon Mine (Underground),7.4,166.7,832.2
2026-11-29 17:37:08,EQ-MOIL-3091,Dozer,Dongri Buzurg Mine (Opencast),6.0,69.6,115.9
2026-11-29 21:37:08,EQ-MOIL-6443,Driller,Tirodi Mine (Opencast),6.0,52.2,104.2
2026-11-30 01:37:08,EQ-MOIL-9004,Excavator,Tirodi Mine (Opencast),11.6,292.5,973.9
2026-11-30 05:37:08,EQ-MOIL-9004,Excavator,Tirodi Mine (Opencast),4.1,82.1,399.5
2026-11-30 09:37:08,EQ-MOIL-1830,Loader,Gumgaon Mine (Underground),5.2,56.1,83.8
2026-11-30 13:37:08,EQ-MOIL-6215,Driller,Dongri Buzurg Mine (Opencast),6.6,52.8,116.3
2026-11-30 17:37:08,EQ-MOIL-9004,Excavator,Tirodi Mine (Opencast),5.4,129.9,576.1
2026-11-30 21:37:08,EQ-MOIL-9375,Excavator,Mansar Mine (Underground/Opencast),11.5,315.2,1020.9
2026-12-01 01:37:08,EQ-MOIL-9004,Excavator,Tirodi Mine (Opencast),11.2,238.4,987.0
2026-12-01 05:37:08,EQ-MOIL-6215,Driller,Dongri Buzurg Mine (Opencast),9.1,75.4,164.1
2026-12-01 09:37:08,EQ-MOIL-9004,Excavator,Tirodi Mine (Opencast),7.8,199.0,871.4
2026-12-01 13:37:08,EQ-MOIL-9975,Driller,Chikla Mine (Underground),4.5,45.4,69.3
2026-12-01 17:37:08,EQ-MOIL-6215,Driller,Dongri Buzurg Mine (Opencast),7.4,68.8,116.6
2026-12-01 21:37:08,EQ-MOIL-1393,Driller,Chikla Mine (Underground),4.0,32.4,77.2
2026-12-02 01:37:08,EQ-MOIL-7199,Dozer,Balaghat Mine (Underground/Opencast),11.5,115.5,224.5
2026-12-02 05:37:08,EQ-MOIL-1830,Loader,Gumgaon Mine (Underground),9.9,117.1,107.9
2026-12-02 09:37:08,EQ-MOIL-6858,Dozer,Dongri Buzurg Mine (Opencast),9.8,95.1,170.2
2026-12-02 13:37:08,EQ-MOIL-6443,Driller,Tirodi Mine (Opencast),4.5,43.2,65.8
2026-12-02 17:37:08,EQ-MOIL-6293,Dozer,Gumgaon Mine (Underground),8.4,79.1,132.8
2026-12-02 21:37:08,EQ-MOIL-1830,Loader,Gumgaon Mine (Underground),11.9,127.2,168.1
2026-12-03 01:37:08,EQ-MOIL-6858,Dozer,Dongri Buzurg Mine (Opencast),7.4,88.5,128.9
2026-12-03 05:37:08,EQ-MOIL-1830,Loader,Gumgaon Mine (Underground),10.2,118.7,123.7
2026-12-03 09:37:08,EQ-MOIL-9004,Excavator,Tirodi Mine (Opencast),8.0,222.9,659.0
2026-12-03 13:37:08,EQ-MOIL-6215,Driller,Dongri Buzurg Mine (Opencast),4.2,41.9,63.1
2026-12-03 17:37:08,EQ-MOIL-5754,Loader,Dongri Buzurg Mine (Opencast),4.6,52.8,80.6
2026-12-03 21:37:08,EQ-MOIL-6215,Driller,Dongri Buzurg Mine (Opencast),9.0,87.9,141.4
2026-12-04 01:37:08,EQ-MOIL-3091,Dozer,Dongri Buzurg Mine (Opencast),9.9,100.8,123.8
2026-12-04 05:37:08,EQ-MOIL-6437,Dozer,Mansar Mine (Underground/Opencast),5.6,57.2,107.3
2026-12-04 09:37:08,EQ-MOIL-6437,Dozer,Mansar Mine (Underground/Opencast),5.4,58.7,64.1
2026-12-04 13:37:08,EQ-MOIL-6293,Dozer,Gumgaon Mine (Underground),5.9,57.7,68.6
2026-12-04 17:37:08,EQ-MOIL-9375,Excavator,Mansar Mine (Underground/Opencast),11.8,271.9,1116.4
2026-12-04 21:37:08,EQ-MOIL-9004,Excavator,Tirodi Mine (Opencast),10.9,325.8,1299.0
2026-12-05 01:37:08,EQ-MOIL-9975,Driller,Chikla Mine (Underground),10.3,107.5,148.7
2026-12-05 05:37:08,EQ-MOIL-7199,Dozer,Balaghat Mine (Underground/Opencast),10.5,101.9,107.0
2026-12-05 09:37:08,EQ-MOIL-1560,Dumper,Dongri Buzurg Mine (Opencast),11.3,140.4,408.7
2026-12-05 13:37:08,EQ-MOIL-5183,Excavator,Mansar Mine (Underground/Opencast),8.2,224.2,941.9
2026-12-05 17:37:08,EQ-MOIL-5754,Loader,Dongri Buzurg Mine (Opencast),5.5,64.7,87.4
2026-12-05 21:37:08,EQ-MOIL-5754,Loader,Dongri Buzurg Mine (Opencast),5.0,52.9,84.0
2026-12-06 01:37:08,EQ-MOIL-3452,Excavator,Gumgaon Mine (Underground),11.3,337.7,1144.6
2026-12-06 05:37:08,EQ-MOIL-3091,Dozer,Dongri Buzurg Mine (Opencast),8.7,92.1,158.3
2026-12-06 09:37:08,EQ-MOIL-6215,Driller,Dongri Buzurg Mine (Opencast),7.1,60.6,130.7
2026-12-06 13:37:08,EQ-MOIL-7199,Dozer,Balaghat Mine (Underground/Opencast),4.3,36.0,66.1
2026-12-06 17:37:08,EQ-MOIL-3091,Dozer,Dongri Buzurg Mine (Opencast),5.2,57.8,65.5
2026-12-06 21:37:08,EQ-MOIL-7989,Driller,Mansar Mine (Underground/Opencast),10.0,93.8,157.2
2026-12-07 01:37:08,EQ-MOIL-1830,Loader,Gumgaon Mine (Underground),5.3,59.8,82.8
2026-12-07 05:37:08,EQ-MOIL-1830,Loader,Gumgaon Mine (Underground),4.3,40.1,45.3
2026-12-07 09:37:08,EQ-MOIL-3452,Excavator,Gumgaon Mine (Underground),7.1,205.1,799.4
2026-12-07 13:37:08,EQ-MOIL-6293,Dozer,Gumgaon Mine (Underground),9.9,88.7,116.7
2026-12-07 17:37:08,EQ-MOIL-6215,Driller,Dongri Buzurg Mine (Opencast),4.6,53.8,67.6
2026-12-07 21:37:08,EQ-MOIL-3150,Dozer,Kandri Mine (Underground),5.7,47.1,77.8
2026-12-08 01:37:08,EQ-MOIL-7989,Driller,Mansar Mine (Underground/Opencast),10.4,123.8,129.2
2026-12-08 05:37:08,EQ-MOIL-5183,Excavator,Mansar Mine (Underground/Opencast),5.0,149.9,516.9
2026-12-08 09:37:08,EQ-MOIL-6858,Dozer,Dongri Buzurg Mine (Opencast),11.9,140.6,208.0
2026-12-08 13:37:08,EQ-MOIL-5706,Dozer,Chikla Mine (Underground),10.7,96.3,191.0
2026-12-08 17:37:08,EQ-MOIL-3150,Dozer,Kandri Mine (Underground),4.6,53.9,86.9
2026-12-08 21:37:08,EQ-MOIL-7989,Driller,Mansar Mine (Underground/Opencast),11.2,128.9,161.5
2026-12-09 01:37:08,EQ-MOIL-7989,Driller,Mansar Mine (Underground/Opencast),10.8,124.9,190.8
2026-12-09 05:37:08,EQ-MOIL-7199,Dozer,Balaghat Mine (Underground/Opencast),5.9,62.6,80.0
2026-12-09 09:37:08,EQ-MOIL-1960,Excavator,Balaghat Mine (Underground/Opencast),6.3,153.1,743.5
2026-12-09 13:37:08,EQ-MOIL-6437,Dozer,Mansar Mine (Underground/Opencast),6.5,77.8,97.4
2026-12-09 17:37:08,EQ-MOIL-6293,Dozer,Gumgaon Mine (Underground),7.5,64.6,130.2
2026-12-09 21:37:08,EQ-MOIL-3150,Dozer,Kandri Mine (Underground),9.9,104.8,118.6
2026-12-10 01:37:08,EQ-MOIL-9004,Excavator,Tirodi Mine (Opencast),4.4,91.9,425.9
2026-12-10 05:37:08,EQ-MOIL-1560,Dumper,Dongri Buzurg Mine (Opencast),7.9,86.6,375.4
2026-12-10 09:37:08,EQ-MOIL-1830,Loader,Gumgaon Mine (Underground),6.4,53.6,64.8
2026-12-10 13:37:08,EQ-MOIL-1393,Driller,Chikla Mine (Underground),6.4,52.2,68.5
2026-12-10 17:37:08,EQ-MOIL-6293,Dozer,Gumgaon Mine (Underground),5.5,57.1,58.0
2026-12-10 21:37:08,EQ-MOIL-9375,Excavator,Mansar Mine (Underground/Opencast),4.2,121.4,362.1
2026-12-11 01:37:08,EQ-MOIL-6858,Dozer,Dongri Buzurg Mine (Opencast),7.0,72.1,97.3
2026-12-11 05:37:08,EQ-MOIL-7199,Dozer,Balaghat Mine (Underground/Opencast),4.5,49.7,62.0
2026-12-11 09:37:08,EQ-MOIL-9975,Driller,Chikla Mine (Underground),10.9,104.0,189.3
2026-12-11 13:37:08,EQ-MOIL-7199,Dozer,Balaghat Mine (Underground/Opencast),9.0,91.9,109.1
2026-12-11 17:37:08,EQ-MOIL-1830,Loader,Gumgaon Mine (Underground),7.8,77.4,92.0
2026-12-11 21:37:08,EQ-MOIL-1560,Dumper,Dongri Buzurg Mine (Opencast),10.1,121.9,315.8
2026-12-12 01:37:08,EQ-MOIL-7199,Dozer,Balaghat Mine (Underground/Opencast),5.3,47.1,55.6
2026-12-12 05:37:08,EQ-MOIL-6443,Driller,Tirodi Mine (Opencast),6.2,57.3,108.0
2026-12-12 09:37:08,EQ-MOIL-9004,Excavator,Tirodi Mine (Opencast),7.3,157.9,693.0
2026-12-12 13:37:08,EQ-MOIL-6215,Driller,Dongri Buzurg Mine (Opencast),11.2,134.1,193.3
2026-12-12 17:37:08,EQ-MOIL-3452,Excavator,Gumgaon Mine (Underground),11.6,239.4,1054.6
2026-12-12 21:37:08,EQ-MOIL-3150,Dozer,Kandri Mine (Underground),9.4,78.8,175.1
2026-12-13 01:37:08,EQ-MOIL-1830,Loader,Gumgaon Mine (Underground),9.7,93.2,134.5
2026-12-13 05:37:08,EQ-MOIL-5183,Excavator,Mansar Mine (Underground/Opencast),4.1,100.6,367.7
2026-12-13 09:37:08,EQ-MOIL-7199,Dozer,Balaghat Mine (Underground/Opencast),4.3,38.3,73.0
2026-12-13 13:37:08,EQ-MOIL-6443,Driller,Tirodi Mine (Opencast),4.4,44.1,61.0
2026-12-13 17:37:08,EQ-MOIL-1960,Excavator,Balaghat Mine (Underground/Opencast),4.4,114.9,379.8
2026-12-13 21:37:08,EQ-MOIL-6443,Driller,Tirodi Mine (Opencast),4.8,44.8,72.0
2026-12-14 01:37:08,EQ-MOIL-6443,Driller,Tirodi Mine (Opencast),4.8,48.8,57.9
2026-12-14 05:37:08,EQ-MOIL-3452,Excavator,Gumgaon Mine (Underground),6.6,142.2,554.7
2026-12-14 09:37:08,EQ-MOIL-3150,Dozer,Kandri Mine (Underground),4.2,37.0,78.6
2026-12-14 13:37:08,EQ-MOIL-1560,Dumper,Dongri Buzurg Mine (Opencast),11.9,137.8,454.4
2026-12-14 17:37:08,EQ-MOIL-6858,Dozer,Dongri Buzurg Mine (Opencast),5.9,54.4,112.1
2026-12-14 21:37:08,EQ-MOIL-6215,Driller,Dongri Buzurg Mine (Opencast),7.3,65.0,142.7
2026-12-15 01:37:08,EQ-MOIL-5183,Excavator,Mansar Mine (Underground/Opencast),11.6,279.3,1080.3
2026-12-15 05:37:08,EQ-MOIL-9975,Driller,Chikla Mine (Underground),9.6,81.9,166.0
2026-12-15 09:37:08,EQ-MOIL-6443,Driller,Tirodi Mine (Opencast),6.7,59.7,119.5
2026-12-15 13:37:08,EQ-MOIL-6293,Dozer,Gumgaon Mine (Underground),5.9,51.0,115.8
2026-12-15 17:37:08,EQ-MOIL-7989,Driller,Mansar Mine (Underground/Opencast),8.6,97.3,140.9
2026-12-15 21:37:08,EQ-MOIL-1393,Driller,Chikla Mine (Underground),11.2,99.3,147.2
2026-12-16 01:37:08,EQ-MOIL-5183,Excavator,Mansar Mine (Underground/Opencast),7.3,183.8,716.8
2026-12-16 05:37:08,EQ-MOIL-1560,Dumper,Dongri Buzurg Mine (Opencast),10.7,119.1,420.2
2026-12-16 09:37:08,EQ-MOIL-3091,Dozer,Dongri Buzurg Mine (Opencast),4.5,38.9,56.8
2026-12-16 13:37:08,EQ-MOIL-7199,Dozer,Balaghat Mine (Underground/Opencast),6.6,69.9,123.4
2026-12-16 17:37:08,EQ-MOIL-1560,Dumper,Dongri Buzurg Mine (Opencast),5.4,78.1,250.0
2026-12-16 21:37:08,EQ-MOIL-1393,Driller,Chikla Mine (Underground),7.1,71.1,80.1
2026-12-17 01:37:08,EQ-MOIL-6215,Driller,Dongri Buzurg Mine (Opencast),11.9,113.4,221.7
2026-12-17 05:37:08,EQ-MOIL-6293,Dozer,Gumgaon Mine (Underground),4.6,45.1,90.4
2026-12-17 09:37:08,EQ-MOIL-7199,Dozer,Balaghat Mine (Underground/Opencast),10.0,100.3,134.8
2026-12-17 13:37:08,EQ-MOIL-9975,Driller,Chikla Mine (Underground),5.2,45.0,72.8
2026-12-17 17:37:08,EQ-MOIL-1560,Dumper,Dongri Buzurg Mine (Opencast),10.0,140.6,445.3
2026-12-17 21:37:08,EQ-MOIL-5754,Loader,Dongri Buzurg Mine (Opencast),11.8,135.6,177.0
2026-12-18 01:37:08,EQ-MOIL-6443,Driller,Tirodi Mine (Opencast),7.3,75.6,78.7
2026-12-18 05:37:08,EQ-MOIL-5754,Loader,Dongri Buzurg Mine (Opencast),4.8,43.7,84.4
2026-12-18 09:37:08,EQ-MOIL-9004,Excavator,Tirodi Mine (Opencast),8.9,237.8,819.9
2026-12-18 13:37:08,EQ-MOIL-1830,Loader,Gumgaon Mine (Underground),10.4,113.5,136.9
2026-12-18 17:37:08,EQ-MOIL-1830,Loader,Gumgaon Mine (Underground),7.5,76.6,106.3
2026-12-18 21:37:08,EQ-MOIL-6293,Dozer,Gumgaon Mine (Underground),12.0,105.8,194.5
2026-12-19 01:37:08,EQ-MOIL-5706,Dozer,Chikla Mine (Underground),7.7,69.1,142.0
2026-12-19 05:37:08,EQ-MOIL-3150,Dozer,Kandri Mine (Underground),9.3,79.7,140.7
2026-12-19 09:37:08,EQ-MOIL-6293,Dozer,Gumgaon Mine (Underground),11.4,94.8,141.5
2026-12-19 13:37:08,EQ-MOIL-1560,Dumper,Dongri Buzurg Mine (Opencast),9.8,109.4,475.8
2026-12-19 17:37:08,EQ-MOIL-9375,Excavator,Mansar Mine (Underground/Opencast),8.1,236.3,730.5
2026-12-19 21:37:08,EQ-MOIL-5706,Dozer,Chikla Mine (Underground),6.2,51.0,74.7
2026-12-20 01:37:08,EQ-MOIL-1560,Dumper,Dongri Buzurg Mine (Opencast),7.2,85.5,298.8
2026-12-20 05:37:08,EQ-MOIL-6215,Driller,Dongri Buzurg Mine (Opencast),9.8,110.6,113.6
2026-12-20 09:37:08,EQ-MOIL-1960,Excavator,Balaghat Mine (Underground/Opencast),4.2,125.7,357.1
2026-12-20 13:37:08,EQ-MOIL-6215,Driller,Dongri Buzurg Mine (Opencast),6.9,75.4,95.0
2026-12-20 17:37:08,EQ-MOIL-7989,Driller,Mansar Mine (Underground/Opencast),10.2,114.2,144.4
2026-12-20 21:37:08,EQ-MOIL-9375,Excavator,Mansar Mine (Underground/Opencast),4.4,107.1,446.3
2026-12-21 01:37:08,EQ-MOIL-1560,Dumper,Dongri Buzurg Mine (Opencast),7.2,75.1,322.3
2026-12-21 05:37:08,EQ-MOIL-6215,Driller,Dongri Buzurg Mine (Opencast),8.5,94.6,136.9
2026-12-21 09:37:08,EQ-MOIL-9975,Driller,Chikla Mine (Underground),6.4,68.0,116.7
2026-12-21 13:37:08,EQ-MOIL-1560,Dumper,Dongri Buzurg Mine (Opencast),5.7,79.0,233.4
2026-12-21 17:37:08,EQ-MOIL-6858,Dozer,Dongri Buzurg Mine (Opencast),4.1,46.6,63.7
2026-12-21 21:37:08,EQ-MOIL-6293,Dozer,Gumgaon Mine (Underground),4.9,57.9,59.4
